{"category": "education", "index": 3750, "unique_id": "011f8a14-ffab-4eee-a180-2c9154af430d", "title": "FREE FOR TEACHERS! List of Companies offering free subscriptions now!", "description": "Giant list of companies offering FREE services for schools and teachers during school closures", "follower_count": "196k", "tag_list": "Teacher Websites,Teacher Tools,Teacher Hacks,Teacher Resources,Free Teaching Resources,Teacher Binder,Teacher Stuff,Teaching Strategies,Teaching Tips", "is_image_or_video": "image", "image_src": "https://i.pinimg.com/originals/05/df/76/05df76296994a6d9f5830eee642ff296.jpg", "downloaded": 1, "save_location": "Local save in /data/education"}