{"category": "diy-and-crafts", "index": 3184, "unique_id": "02acd2ca-a1fd-4290-9431-085dd78035a2", "title": "40 DIY Crafts To Make & Sell For Money", "description": "40 Easy & fun DIY crafts to make and sell that you need to try!! If you are looking at making some extra cash, then make sure to try out these DIY crafts!! #diycrafts #selldiycr\u2026\u00a0", "follower_count": "43k", "tag_list": "Diy Gifts To Sell,Diy Crafts How To Make,Fun Diy Crafts,Sell Diy,Crafts For Teens,Decor Crafts,Homemade Crafts,Recycled Crafts,Crafts To Make And Sell Easy", "is_image_or_video": "image", "image_src": "https://i.pinimg.com/originals/61/61/5f/61615f747dab735ef8128fd3e029bcd2.png", "downloaded": 1, "save_location": "Local save in /data/diy-and-crafts"}