{"category": "tattoos", "index": 9218, "unique_id": "033c9dee-153d-49cd-be35-b374c576118a", "title": "Tattoo design |Wonderful Butterfly tattoo design-A symbol of happiness and love! - Mycozylive.com", "description": "Many female tattoo lovers are the most irresistible tattoo designs with beautiful designs, such as bianhua, dandelion of hipster, four-leaf clover, etc. The Butterfly Tattoo is\u2026\u00a0", "follower_count": "23k", "tag_list": "Tiny Tattoos For Girls,Cute Tiny Tattoos,Little Tattoos,Pretty Tattoos,Tattoos For Women Small,Small Arm Tattoos,Red Ink Tattoos,Dope Tattoos,Mini Tattoos", "is_image_or_video": "image", "image_src": "https://i.pinimg.com/originals/b3/aa/61/b3aa61dab15e28cddba1d18549086f15.png", "downloaded": 1, "save_location": "Local save in /data/tattoos"}