{"category": "quotes", "index": 8100, "unique_id": "0354a678-08fa-4cc6-bc2c-ea08728abe60", "title": "motivational gym quotes", "description": "50 Best Motivational Quotes To Use For Your Gym Selfie Instagram Caption | YourTango fitness motivational quote", "follower_count": "942k", "tag_list": "Motivation Positive,Fitness Motivation Quotes,Positive Quotes,Health Fitness Quotes,Motivation To Work Out,Fitness Motivation Wallpaper,Sport Motivation,Motivation For Exercise,Student Motivation Quotes", "is_image_or_video": "image", "image_src": "https://i.pinimg.com/originals/a5/83/25/a58325576095f81bc0013f172d49fa76.jpg", "downloaded": 1, "save_location": "Local save in /data/quotes"}