{"category": "tattoos", "index": 8578, "unique_id": "036ec267-658b-4dad-a097-8ef0b4f30c0d", "title": "Snake Collarbone Temporary Tattoo. Halloween Tattoos  Spooky | Etsy", "description": "Snake temporary tattoo for collarbone. Spooky 3D tattoo for Halloween Includes 2 copies, 1 for the right side and 1 for the left side Apply with water and remove anytime with ba\u2026\u00a0", "follower_count": "0", "tag_list": "Finger Tattoo Designs,Small Tattoo Designs,Finger Tattoos,Small 3d Tattoos,Cool Tattoos,Line Work Tattoo,Back Tattoo,Collarbone Tattoo,Tattoo Neck", "is_image_or_video": "image", "image_src": "https://i.pinimg.com/originals/d8/b7/a1/d8b7a11a3fe64e7fab91d3afb1536537.jpg", "downloaded": 1, "save_location": "Local save in /data/tattoos"}