{"category": "mens-fashion", "index": 7162, "unique_id": "03d90904-8b25-4443-95bb-ce5e12cb6db7", "title": "Royal Fashionist\u00a0Men's Fashion Instagram Page | Royal Fashionist", "description": "Have you visited our Men's Fashion Instagram Page? This is a sample of what you should see there. Daily we post Fashion and Style inspirations to help you", "follower_count": "188k", "tag_list": "Mode Masculine,Stylish Men,Men Casual,Casual Wear,Comfy Casual,Dress Casual,Smart Casual,Man Style Casual,Casual Styles", "is_image_or_video": "image", "image_src": "https://i.pinimg.com/originals/7f/26/65/7f26651947067590c2702b6543041103.jpg", "downloaded": 1, "save_location": "Local save in /data/mens-fashion"}