{"category": "education", "index": 3824, "unique_id": "03e68424-8062-4328-b451-52edbbf6f25a", "title": "Special Education Accommodation IEP Checklist for Teachers - Caffeine Queen Teacher", "description": "Special education IEP checklist for teachers to track each student's supports. Record accommodations, modifications, interventions, and supports for IEPs, 504s, and special educ\u2026\u00a0", "follower_count": "4k", "tag_list": "Teaching Special Education,Special Education Organization,Education Jobs,Business Education,6th Grade Special Education,Amazon Education,Education Galaxy,Education For All,Continuing Education", "is_image_or_video": "image", "image_src": "https://i.pinimg.com/originals/ee/52/3c/ee523cdde843344a82f2b7d657f0c580.jpg", "downloaded": 1, "save_location": "Local save in /data/education"}