{"category": "quotes", "index": 8366, "unique_id": "046e2c32-1061-42d3-8017-1fc93865edb9", "title": "'Quote - You don't have to be perfect to be amazing' iPhone Case by HelenDesignXO", "description": "Be Brave Enough to Set the Sun. Motivation Quotes.", "follower_count": "1k", "tag_list": "Quotes Wolf,Motivacional Quotes,Poetry Quotes,Words Quotes,Funny Quotes,Sun Qoutes,Quotes On Sun,More To Life Quotes,Take Me Back Quotes", "is_image_or_video": "image", "image_src": "https://i.pinimg.com/originals/d3/41/91/d341916b119a3df2836d2079367f7b20.jpg", "downloaded": 1, "save_location": "Local save in /data/quotes"}