{"category": "mens-fashion", "index": 7448, "unique_id": "06e1857e-9908-42db-b685-3b218f088c5d", "title": "Mens British retro casual simple dark green pants", "description": "Casual pants, Mens British retro casual simple dark green pants", "follower_count": "14k", "tag_list": "Olive Green Pants Outfit,Green Pants Men,Dark Green Pants,Pants For Men,Chinos Men Outfit,Khaki Pants Outfit,Casual Pants,Rugged Men's Fashion,Rustic Mens Fashion", "is_image_or_video": "image", "image_src": "https://i.pinimg.com/originals/99/df/69/99df691a7929dc5533d437ed0506f6f1.jpg", "downloaded": 1, "save_location": "Local save in /data/mens-fashion"}