{"category": "christmas", "index": 2482, "unique_id": "08604f20-fa17-4b9a-9949-781717eca6cd", "title": "FORNT PORCH CHRISTMAS DECORATING IDEAS", "description": "Christmas decorating ideas for porches. Beautiful holiday decor ideas for front porches both small and large. Outdoor decorations like sleds, lanterns, Christmas trees, wreaths,\u2026\u00a0", "follower_count": "46k", "tag_list": "Diy Christmas Decorations For Home,Farmhouse Christmas Decor,Christmas Home,Christmas Holidays,Christmas Front Porches,How To Decorate For Christmas,Christmas Porch Ideas,Christmas Decorating Ideas,Large Outdoor Christmas Decorations", "is_image_or_video": "video", "image_src": "https://i.pinimg.com/videos/thumbnails/originals/40/83/f5/4083f5b4971bf235f89a4784ab87271e.0000001.jpg", "downloaded": 1, "save_location": "Local save in /data/christmas"}