{"category": "christmas", "index": 2604, "unique_id": "087b0fa9-f901-4262-aa0a-6caf234d1b35", "title": "75+ Neutral Christmas Home Decor for the Holiday Season in Farmhouse Style using Earth Tones Modern", "description": "My favorite 75+ Neutral Christmas Home Decor for decorating your house during the Holiday Season in earth tones and a farmhouse, rustic style all winter. I love this modern, sim\u2026\u00a0", "follower_count": "31k", "tag_list": "Colorful Christmas Decorations,Colorful Christmas Tree,Christmas Centerpieces,Christmas Colors,Xmas Colors,Winter Decorations,Christmas Trends,Christmas Inspiration,Christmas Home", "is_image_or_video": "image", "image_src": "https://i.pinimg.com/originals/86/84/39/868439dd894969e3abd6a2a8a9fe1e9c.jpg", "downloaded": 1, "save_location": "Local save in /data/christmas"}