{"category": "mens-fashion", "index": 7437, "unique_id": "0a9f5806-c6de-4db9-ae91-fb95230ac625", "title": "The Cure - Just Like Heaven - Men's T-shirt - Dark Heather / 2XL", "description": "Men's T-shirt. Design inspired by the song \"Just Like Heaven\" by The Cure, a band formed in 1976, and which is still active today representing the New Wave music of the 80's. Ro\u2026\u00a0", "follower_count": "27", "tag_list": "New Wave Music,The New Wave,The Strokes Shirt,Arctic Monkeys T Shirt,Dark Heather Color,Just Like Heaven,Robert Smith,Rock Shirts,Rocker Style", "is_image_or_video": "image", "image_src": "https://i.pinimg.com/originals/30/88/c5/3088c50beb4ba518f4015b18025c8373.jpg", "downloaded": 1, "save_location": "Local save in /data/mens-fashion"}