{"category": "christmas", "index": 1967, "unique_id": "0b9d5b95-51a6-465e-ae4a-2cb68ceada29", "title": "15 Fun & Festive Christmas Porch Ideas", "description": "15 unique Christmas porch ideas that will leave you feeling inspired and help you tackle decorating your own entryway for the holidays! It\u2019s almost time to start decorating for\u2026\u00a0", "follower_count": "19k", "tag_list": "Exterior Christmas Lights,Front Door Christmas Decorations,Christmas Lights Outside,Christmas House Lights,Decorating With Christmas Lights,Porch Decorating,Christmas Porch Decorations,Front Porch Ideas For Christmas,Christmas Lights Outdoor Trees", "is_image_or_video": "image", "image_src": "https://i.pinimg.com/originals/ff/f8/3b/fff83b02aeb29e2e9341a56fc5e63345.png", "downloaded": 1, "save_location": "Local save in /data/christmas"}