{"category": "diy-and-crafts", "index": 2810, "unique_id": "0d43a562-d27a-435d-ab1f-e85696eb0884", "title": "30+ Easy Christmas Crafts for Kids of All Ages - Happiness is Homemade", "description": "30+ Christmas Kids Crafts: These quick and easy Christmas crafts for kids can be made in under 30 minutes! No special tools or skills needed!", "follower_count": "167k", "tag_list": "Stick Christmas Tree,Diy Christmas Ornaments,Christmas Cactus,Christmas Christmas,Ornaments Ideas,Homemade Christmas,Xmas Tree,Hygge Christmas,Christmas Onesie", "is_image_or_video": "image", "image_src": "https://i.pinimg.com/originals/ab/75/a3/ab75a376273848956dd8252f276d5604.jpg", "downloaded": 1, "save_location": "Local save in /data/diy-and-crafts"}