{"category": "diy-and-crafts", "index": 3145, "unique_id": "1022ba0b-eae7-4eba-9120-1fe44d093a32", "title": "How to Colour Chickpeas for Play - Inspire My Play", "description": "Learn how to colour chickpeas for sensory play and craft with this easy DIY", "follower_count": "4k", "tag_list": "Baby Sensory Play,Sensory Activities Toddlers,Infant Activities,Sensory Bins,Baby Play,Kindergarten Activities,Diy For Kids,Crafts For Kids,Preschool Crafts", "is_image_or_video": "image", "image_src": "https://i.pinimg.com/originals/35/e0/44/35e0447b94dd9076ed9e51a8d692e489.jpg", "downloaded": 1, "save_location": "Local save in /data/diy-and-crafts"}