{"category": "vehicles", "index": 10337, "unique_id": "104c2394-368c-425a-9625-a116b59da94d", "title": "New Bestop Sunrider for Hardtop Review/s", "description": "After a week with my Sunrider . . LOVE!! I've opened it more in a week than I've had my freedom panels off in 1.5 years. Now, who has a sun-visor mod so...", "follower_count": "11k", "tag_list": "Cj Jeep,Jeep Mods,Jeep Suv,Jeep Truck,Jeep Wrangler Forum,Jeep Wrangler Unlimited,Jeep Wrangler Accessories,Jeep Accessories,Jeep Photos", "is_image_or_video": "image", "image_src": "https://i.pinimg.com/originals/54/30/88/5430889d469677d563eaa2251711015f.jpg", "downloaded": 1, "save_location": "Local save in /data/vehicles"}