{"category": "beauty", "index": 995, "unique_id": "10a2f4e9-3760-4305-b74c-b980d86d4bdc", "title": "Natural DIY Foundation Powder", "description": "This DIY natural powder foundation works amazing and contains only a few all natural ingredients. Easy and inexpensive to make.", "follower_count": "44k", "tag_list": "Homemade Foundation,Diy Foundation,Powder Foundation,Natural Foundation,Bb Beauty,Beauty Care,Beauty Hacks,Beauty Ideas,French Beauty", "is_image_or_video": "image", "image_src": "https://i.pinimg.com/originals/0d/16/d1/0d16d1a759d713f2a1f10759f0200b4f.jpg", "downloaded": 1, "save_location": "Local save in /data/beauty"}