{"category": "art", "index": 334, "unique_id": "1133c9ed-fc7c-4473-911d-e38ed212f83d", "title": "5 masters of vintage and recycled paper collage art - UPCYCLIST", "description": "Derek Gores from Florida has been a successful commercial designer and illustrator for fifteen years and is famed for his collage portraits made from recycled magazines, labels\u2026\u00a0", "follower_count": "7k", "tag_list": "Collage Kunst,Paper Collage Art,Paper Art,Art Collages,Picasso Collage,Collage Collage,Collage Drawing,Painting Collage,Collage Artists", "is_image_or_video": "image", "image_src": "https://i.pinimg.com/originals/b6/68/be/b668bec7310e1d1750b7539037631941.jpg", "downloaded": 1, "save_location": "Local save in /data/art"}