{"category": "art", "index": 649, "unique_id": "13a356bb-db0f-4903-87fa-1463677edd91", "title": "Flower Child .  giclee art print available in all sizes", "description": "Art.", "follower_count": "6", "tag_list": "Painting Inspiration,Art Inspo,Art Sketches,Art Drawings,Wow Art,Aesthetic Art,Aesthetic Tattoo,Aesthetic Outfit,Flower Aesthetic", "is_image_or_video": "image", "image_src": "https://i.pinimg.com/originals/d2/c8/b1/d2c8b1a42f81b1de7069d25d8765fdee.jpg", "downloaded": 1, "save_location": "Local save in /data/art"}