{"category": "event-planning", "index": 4424, "unique_id": "13ff7b79-6f11-45b5-8760-414eca088b3c", "title": "14 Dollar Tree Money-Saving Products For Your Wedding Centerpieces", "description": "Save tons of money with these easy DIY wedding ideas when creating your beautiful wedding centerpieces using Dollar Tree items.", "follower_count": "30k", "tag_list": "Wedding Decorations On A Budget,Wedding Table Centerpieces,Budget Wedding,Wedding Tips,Wedding Stuff,Water Centerpieces,Bridal Tips,Wedding Hacks,Centerpiece Ideas", "is_image_or_video": "image", "image_src": "https://i.pinimg.com/originals/c6/9b/4c/c69b4c7f5ceff81b674191126d3e70d2.jpg", "downloaded": 1, "save_location": "Local save in /data/event-planning"}