{"category": "quotes", "index": 8015, "unique_id": "158fba97-e20c-4e45-ac1a-9a5e8a7d981f", "title": "5 AMAZING Benefits Of Positive Self Talk!", "description": "Positive thinking is a powerful tool that can improve your health, help you manage stress, overcome challenges, and make better choices. Everyone can benefit from improving thei\u2026\u00a0", "follower_count": "1M", "tag_list": "Now Quotes,True Quotes,Great Quotes,Words Quotes,Motivational Quotes,Quotes Inspirational,New Day Quotes,I Give Up Quotes,You Are Strong Quotes", "is_image_or_video": "image", "image_src": "https://i.pinimg.com/originals/28/dc/06/28dc06cfe44cd274e97c6423d1586307.jpg", "downloaded": 1, "save_location": "Local save in /data/quotes"}