{"category": "christmas", "index": 2498, "unique_id": "1606db47-8923-4360-9fa6-9400bec6270f", "title": "Tout plein d'id\u00e9es de d\u00e9cos des F\u00eates \u00e0 r\u00e9aliser avec des b\u00fbches et du bois", "description": "Des cr\u00e9ations festives et durables", "follower_count": "4k", "tag_list": "Snowman Christmas Decorations,Christmas Wood Crafts,Homemade Christmas Gifts,Christmas Projects,Holiday Crafts,Primitive Christmas,Christmas Crafts,Christmas Ornaments,Holiday Decor", "is_image_or_video": "image", "image_src": "https://i.pinimg.com/originals/f4/29/d5/f429d513dfa556d78e28a00bee98e109.jpg", "downloaded": 1, "save_location": "Local save in /data/christmas"}