{"category": "vehicles", "index": 10552, "unique_id": "17301b8c-ccbb-42ad-b2df-3876df35b1cd", "title": "The Prowler Emergency Response Vehicle", "description": "January 23, 2009 We can see emergency responders queueing up for this one. ATVCorp has created versions of its Prowler Light Tactical All Terrain Vehicle (LTATV) for fire-fighti\u2026\u00a0", "follower_count": "314", "tag_list": "Army Vehicles,Armored Vehicles,Go Kart Buggy,Atv Attachments,Aviation Fuel,Special Forces,Special Ops,Terrain Vehicle,Emergency Response", "is_image_or_video": "image", "image_src": "https://i.pinimg.com/originals/14/6b/6b/146b6b1a1127773f7046e08550e68ed0.jpg", "downloaded": 1, "save_location": "Local save in /data/vehicles"}