{"category": "christmas", "index": 2060, "unique_id": "177dde1a-3409-4865-a533-9f50efaedcd8", "title": "50 DIY Decorations for a Jolly Christmas Table Setting", "description": "You'll feel extra merry during your holiday dinner!", "follower_count": "254", "tag_list": "Christmas Place Cards,Christmas Names,Christmas Napkins,Christmas Mantels,Christmas Diy,Christmas Wreaths,Christmas Place Setting,Thanksgiving Place Cards,Christmas Favors", "is_image_or_video": "image", "image_src": "https://i.pinimg.com/originals/1a/e4/e0/1ae4e03602fb20a77cb53e623547d317.png", "downloaded": 1, "save_location": "Local save in /data/christmas"}