{"category": "tattoos", "index": 8505, "unique_id": "17e9f39a-cbbf-49b9-9318-2ee325862ae9", "title": "Tatouage sur le pied et la cheville | Les meilleures trucs sur Zenid\u00e9es", "description": "Si le tatouage de la jambe ne vous suffit pas, le tatouage sur le pied et la cheville peut \u00eatre votre choix - voici les 50+ meilleures id\u00e9es.", "follower_count": "19k", "tag_list": "Vine Foot Tattoos,Sunflower Foot Tattoos,Floral Foot Tattoo,Ankle Foot Tattoo,Feather Tattoo Foot,Spine Tattoos,Flower Ankle Tattoos,Foot Tatoos,Butterfly Foot Tattoo", "is_image_or_video": "image", "image_src": "https://i.pinimg.com/originals/81/ee/e5/81eee514a955c915722570f73946b436.jpg", "downloaded": 1, "save_location": "Local save in /data/tattoos"}