{"category": "mens-fashion", "index": 7268, "unique_id": "17ed1c57-5328-4e73-b30d-7f113610955a", "title": "Athleisure Outfit Ideas", "description": "Athleisure Outfit Ideas For Men This Year", "follower_count": "723k", "tag_list": "Mens Fall Outfits,Stylish Mens Outfits,Casual Winter Outfits,Winter Fashion Outfits,Look Fashion,Men Casual,Man Winter Fashion,Fashion Men,Winter Style For Man", "is_image_or_video": "image", "image_src": "https://i.pinimg.com/originals/f0/6b/68/f06b68b833439deee027450749a9ede3.jpg", "downloaded": 1, "save_location": "Local save in /data/mens-fashion"}