{"category": "quotes", "index": 7738, "unique_id": "17fd85fd-a790-4c91-b6b2-f4cfabb6a798", "title": "25 Simple Living Quotes to Inspire you to Declutter & Simplify your Life!", "description": "25 of my favourite simple living quotes & minimalist quotes to inspire and encourage you to declutter your home and simplify your life!", "follower_count": "31k", "tag_list": "Great Quotes,Me Quotes,Inspirational Quotes,Wisdom Quotes,Unique Quotes,Truth Quotes,Fact Quotes,Minimalist Quotes,Life Quotes To Live By", "is_image_or_video": "image", "image_src": "https://i.pinimg.com/originals/b6/3e/ad/b63eadd0568cdb0310c817c09d39898f.png", "downloaded": 1, "save_location": "Local save in /data/quotes"}