{"category": "christmas", "index": 2048, "unique_id": "18574885-466a-45b5-acd8-131467643d3c", "title": "Outdoor Christmas Decorations to Give Your Yard Holiday Cheer", "description": "All I want for Christmas is a beautifully decorated home.", "follower_count": "1M", "tag_list": "Noel Christmas,Winter Christmas,Magical Christmas,Christmas Garlands,Christmas 2019,Christmas Displays,Office Christmas,Christmas Vacation,Christmas Movies", "is_image_or_video": "image", "image_src": "https://i.pinimg.com/originals/92/65/29/926529446fc63379a274a946aa85f9b8.jpg", "downloaded": 1, "save_location": "Local save in /data/christmas"}