{"category": "art", "index": 46, "unique_id": "19234073-8905-4885-b0d5-98e0b84cbf27", "title": "10 Watercolor Hacks For Beginners | Tips and Tricks to Making Watercolor Painting Easier", "description": "Mountain monologue watercolor", "follower_count": "27k", "tag_list": "Arte Inspo,Kunst Inspo,Watercolor Artists,Watercolor Ideas,Simple Watercolor,Tattoo Watercolor,Watercolor Techniques,Watercolor Animals,Watercolor Illustration", "is_image_or_video": "image", "image_src": "https://i.pinimg.com/originals/fd/54/89/fd548935dcb13545120a2115baaa41d9.jpg", "downloaded": 1, "save_location": "Local save in /data/art"}