{"category": "travel", "index": 9672, "unique_id": "1a5050a4-ac82-472c-aeff-3457de8bbee9", "title": "Lake Moraine, Banff, Canada", "description": "On our Calgary to Vancouver road trip we got to spend time in Banff, Canada. We visited the stunning Lake Moraine as well as Lake Louise and plenty of other of Canada's natural\u2026\u00a0", "follower_count": "7k", "tag_list": "Beautiful Places To Travel,Cool Places To Visit,Beautiful Roads,Beautiful Scenery,Wonderful Places,Lac Moraine,Moraine Lake,Lac Louise,Natur Wallpaper", "is_image_or_video": "video", "image_src": "https://i.pinimg.com/videos/thumbnails/originals/57/9d/52/579d52242ae5609978c754d393e44e81.0000001.jpg", "downloaded": 1, "save_location": "Local save in /data/travel"}