{"category": "beauty", "index": 1198, "unique_id": "1a90caac-f5df-4a27-821b-0fb4be678542", "title": "The End of the Skin-Care Craze", "description": "In the face of a pandemic, economic collapse, and climate change, Instagram photos of shelves crowded with skin-care products appear out of", "follower_count": "20", "tag_list": "Care Organization,Bathroom Organisation,Medicine Organization,Beauty Care,Beauty Skin,Elle Ferguson,Shelfie,Makeup Storage,Beauty Room", "is_image_or_video": "image", "image_src": "https://i.pinimg.com/originals/a3/d0/29/a3d029500020cc9c9c44f97c60dbc515.png", "downloaded": 1, "save_location": "Local save in /data/beauty"}