{"category": "beauty", "index": 1521, "unique_id": "1bea3880-4177-497b-b54e-287141b689b9", "title": "Clinical Formulations with Integrity", "description": "Only $6 CAD\ud83d\ude0d", "follower_count": "328", "tag_list": "Face Skin Care,Diy Skin Care,Skin Tips,Skin Care Tips,Skin Secrets,Schul Survival Kits,Skin Care Routine For 20s,Skincare Routine,Moisturizer For Dry Skin", "is_image_or_video": "image", "image_src": "https://i.pinimg.com/originals/c9/b5/ce/c9b5cec07de20f1b28dc812edb1ce483.jpg", "downloaded": 1, "save_location": "Local save in /data/beauty"}