{"category": "education", "index": 4055, "unique_id": "1e18abb3-42f1-4d75-bdb3-86b3f8f79c6c", "title": "Post-It Math Activity for Teaching Addition - Busy Toddler", "description": "Working on addition? Try making a post-it math activity as a great alternative to worksheets! An easy number sense activity for math facts.", "follower_count": "203k", "tag_list": "Number Sense Activities,Math Activities For Kids,Fun Math,Kids Math,Addition Activities,Preschool Classroom Centers,Child Development Activities,Lego Math,Addition Games", "is_image_or_video": "image", "image_src": "https://i.pinimg.com/originals/df/12/99/df1299e092338e8bf2ac6764717a8ad7.png", "downloaded": 1, "save_location": "Local save in /data/education"}