{"category": "finance", "index": 5730, "unique_id": "1e1f0c8b-9fcf-460b-9154-c775827206eb", "title": "Island Oasis Coupon Organizer", "description": "Description Coupon Organizer in a fun colorful fabric -island oasis, Great Size for the \"basic\" couponer - holds up to 500 coupons with ease, and is made long enough so that you\u2026\u00a0", "follower_count": "0", "tag_list": "Grocery Items,Grocery Coupons,Care Organization,Coupon Organization,Extreme Couponing,Couponing 101,Life Binder,Save My Money,Love Coupons", "is_image_or_video": "image", "image_src": "https://i.pinimg.com/originals/65/bb/ea/65bbeaf458907bb079317d8303c4fa0e.jpg", "downloaded": 1, "save_location": "Local save in /data/finance"}