{"category": "finance", "index": 5333, "unique_id": "1e3d9a5d-4d71-4dbc-9ceb-abb1544b1e32", "title": "The 20 Best Dave Ramsey Tips to Makeover Your Money Today", "description": "These Dave Ramsey tips will help you manage your money and budget so you can pay off debt quickly. These are some of the best personal finance tips and advice to manage your mon\u2026\u00a0", "follower_count": "17k", "tag_list": "Financial Peace,Financial Tips,Financial Planning,Financial Literacy,Budgeting Finances,Budgeting Tips,Homepage Layout,Faire Son Budget,Budget Planer", "is_image_or_video": "image", "image_src": "https://i.pinimg.com/originals/9f/0e/18/9f0e18e2c2615478352c074fff341ccf.png", "downloaded": 1, "save_location": "Local save in /data/finance"}