{"category": "education", "index": 3660, "unique_id": "1ed7b755-11c8-47cc-a926-f81a47193100", "title": "Homework Punch Card Bookmarks", "description": "These homework punch card bookmarks are a fun and easy way to incentivize your children to do their homework. Grab your FREE printable today!", "follower_count": "214k", "tag_list": "4th Grade Classroom,Future Classroom,Teacher Tools,Teacher Resources,Teacher Binder,Teacher Hacks,Homework Incentives,Student Rewards,Homework Club", "is_image_or_video": "image", "image_src": "https://i.pinimg.com/originals/00/4e/95/004e95d4558dbfb015297386ebcff8bd.jpg", "downloaded": 1, "save_location": "Local save in /data/education"}