{"category": "beauty", "index": 1555, "unique_id": "1f20551b-a21c-4ff0-b20d-49e95fdc50d3", "title": "Skin Purging: Die Pflegemethode f\u00fcr reine Haut | ELLE", "description": "Skin Purging sorgt f\u00fcr die reinste Haut, die du jemals hattest #skin \u00e4purging #skinpurging #skincare #hautpflege #sch\u00f6nehaut #haut #beauty #tips", "follower_count": "326k", "tag_list": "Natural Hair Mask,Natural Hair Styles,Natural Beauty,Skin Tag,How To Apply Makeup,Pimples,Beauty Routines,Skincare Routine,Glowing Skin", "is_image_or_video": "image", "image_src": "https://i.pinimg.com/originals/93/b2/7b/93b27be044b2fd2f227f30a7f2c2faf2.jpg", "downloaded": 1, "save_location": "Local save in /data/beauty"}