{"category": "travel", "index": 9936, "unique_id": "1f3154a6-13f0-4049-8d5c-faea15b9f07c", "title": "Chasing Waterfalls in Costa Rica", "description": "Volcanoes, hikes, and hot springs in Costa Rica! The ultimate 5 day travel itinerary. - #costarica #travel #blogging #blog #bucketlist", "follower_count": "22k", "tag_list": "Costa Rica Reisen,Costa Rica Travel,Vacation Places,Dream Vacations,Vacation Spots,Vacation Food,Vacation Ideas,Voyage Dubai,Beautiful Places To Travel", "is_image_or_video": "image", "image_src": "https://i.pinimg.com/originals/60/fe/4c/60fe4c3602e8e50e2e9f787ed27d2aba.jpg", "downloaded": 1, "save_location": "Local save in /data/travel"}