{"category": "christmas", "index": 2293, "unique_id": "1fd7d4cc-54c1-4542-9c1f-449cb4c875f4", "title": "Over 40 of the BEST Homemade Christmas Ornament Ideas", "description": "Over 40 of the BEST Homemade Christmas Ornaments...these easy Holiday crafts are so fun to make for Kids and Adults! Lots of great class party ideas!", "follower_count": "245k", "tag_list": "Diy Christmas Lights,Homemade Christmas Decorations,Christmas Crafts For Gifts,Mini Christmas Tree,Christmas Ornament Crafts,Homemade Christmas Gifts,Xmas Decorations,Simple Christmas,Handmade Christmas", "is_image_or_video": "image", "image_src": "https://i.pinimg.com/originals/d0/d3/a3/d0d3a31e87296224d5ba8896904b5b88.jpg", "downloaded": 1, "save_location": "Local save in /data/christmas"}