{"category": "home-decor", "index": 6652, "unique_id": "203cf7a1-c29c-48ce-8a7a-c271958278de", "title": "Macrame Wall Hanger - G with light", "description": "This Boho wall hanging tapestry features a unique design that is a must-have in any home with a bohemian theme. Perfect for Home Decoration, Bohemian decoration, Kids Bedroom, S\u2026\u00a0", "follower_count": "25", "tag_list": "Home Wall Decor,Nursery Decor,Kids Wall Decor,Boho Nursery,Metal Wall Decor,Luminaire Mural,D\u00e9cor Boho,Boho Style,Bohemian Theme", "is_image_or_video": "image", "image_src": "https://i.pinimg.com/originals/09/fe/02/09fe027521dfd72d0bc2ea9f123e3c8d.jpg", "downloaded": 1, "save_location": "Local save in /data/home-decor"}