{"category": "art", "index": 640, "unique_id": "21714ca6-26c3-424a-ba86-b34fe75c3015", "title": "Caption This Image and Selected Wisepicks - 15 December 2020", "description": "Provide a creative, relevant caption for the picture below and get selected and featured with your name and caption. We select 15+ of the best captions! and publish them on our\u2026\u00a0", "follower_count": "5M", "tag_list": "Arte Obscura,Arte Sketchbook,Funky Art,Pics Art,Psychedelic Art,Art Drawings Sketches,Art And Illustration,Surreal Art,Aesthetic Art", "is_image_or_video": "image", "image_src": "https://i.pinimg.com/originals/49/de/c9/49dec977a3555fb777ad3a3fd98b092f.jpg", "downloaded": 1, "save_location": "Local save in /data/art"}