{"category": "education", "index": 4315, "unique_id": "21b59ba9-829d-4c33-8c27-4cd4c56d26b8", "title": "Podcasts for Teachers or Parents of Teenagers", "description": "Podcasts for Teachers or Parents of Teenagers: Teaching teens middle school and high school can feel joyful and rewarding most days, but can also frustrate you with one challeng\u2026\u00a0", "follower_count": "25k", "tag_list": "Middle School Classroom,High School Students,High School Teachers,Middle School Tips,High School Counseling,Ela Classroom,High School Science,Future Classroom,Google Classroom", "is_image_or_video": "image", "image_src": "https://i.pinimg.com/originals/50/19/31/501931a27ee4d076658980851b995b2c.jpg", "downloaded": 1, "save_location": "Local save in /data/education"}