{"category": "mens-fashion", "index": 6747, "unique_id": "21e2fc9c-17c8-4ab3-abac-d9bb896754aa", "title": "Findanswerhere.com", "description": "a butterfly's dream IDEA", "follower_count": "18", "tag_list": "Sharp Dressed Man,Well Dressed Men,Stylish Men,Men Casual,Casual Jeans,Classy Casual,Celebridades Fashion,Traje Casual,Herren Style", "is_image_or_video": "image", "image_src": "https://i.pinimg.com/originals/c7/80/a5/c780a5eacf3d373f55de5b446b484c33.jpg", "downloaded": 1, "save_location": "Local save in /data/mens-fashion"}