{"category": "finance", "index": 5620, "unique_id": "221ba737-30f4-4d10-90ea-19041b4ad45e", "title": "Financial Guidance For Any Age", "description": "There's a lot of financial guidance out there. Let our expert break it all down into the different decades of your life to know what you should do.", "follower_count": "11k", "tag_list": "Financial Peace,Financial Literacy,Financial Goals,Financial Planning,Financial Budget,Business Management,Money Management,Wealth Management,Faire Son Budget", "is_image_or_video": "image", "image_src": "https://i.pinimg.com/originals/cf/89/5f/cf895f1a8f98040af9421e10167c28b1.png", "downloaded": 1, "save_location": "Local save in /data/finance"}