{"category": "art", "index": 808, "unique_id": "23f67e42-db9f-4aae-8b82-cbec64ad9f4d", "title": "Chalk Pastel Hot Chocolate Art Project", "description": "Kids will use chalk pastels and black paper to create this bold and bright hot chocolate art project! Easy to follow tutorial included.", "follower_count": "20k", "tag_list": "Hot Chocolate Art,Chocolate Crafts,Art Activities For Kids,Preschool Art,Preschool Winter,Christmas Activities,Winter Art Projects,Clay Art Projects,Chalk Pastel Art", "is_image_or_video": "image", "image_src": "https://i.pinimg.com/originals/5a/d3/82/5ad38202cf8acb022cb8f46ce2a78ad6.jpg", "downloaded": 1, "save_location": "Local save in /data/art"}