{"category": "tattoos", "index": 8653, "unique_id": "24b1343c-4d86-4705-8ec9-7f1f2df2d77e", "title": "Unique Women Tattoos Ideas 2020", "description": "We welcome you to our latest collection of Beautiful Tattoo Ideas For Women. Check out and get inspired by the most beautiful design for yourself.", "follower_count": "21k", "tag_list": "Small Back Tattoos,Small Girl Tattoos,Little Tattoos,Tattoo Girls,Mini Tattoos,Tattoo Small,Back Tattoo Women,Tattoo On Back,Girl Back Tattoos", "is_image_or_video": "image", "image_src": "https://i.pinimg.com/originals/fa/cf/7c/facf7cd752a4bc7c09faaa8925ab80b1.jpg", "downloaded": 1, "save_location": "Local save in /data/tattoos"}