{"category": "christmas", "index": 2553, "unique_id": "25db37c5-1b6d-41ef-ad90-ae68b5959b8c", "title": "Red, Green and Plaid Christmas Tree - A Wonderful Thought", "description": "This red, green and plaid Christmas tree made our house seem more merry this year! The colors combined with the plaid ribbon are so festive and jolly!", "follower_count": "37k", "tag_list": "Red And Gold Christmas Tree,Elegant Christmas Trees,Christmas Tree Inspiration,Gold Christmas Decorations,Diy Christmas Tree,Plaid Christmas,Merry Christmas,Flocked Christmas Trees Decorated,Christmas Tree Themes Colors Red", "is_image_or_video": "image", "image_src": "https://i.pinimg.com/originals/c2/14/2a/c2142aa37cca2e87d4d2665ef8674548.jpg", "downloaded": 1, "save_location": "Local save in /data/christmas"}