{"category": "diy-and-crafts", "index": 2858, "unique_id": "26f81da4-26a9-465b-b819-6099bc66e1c0", "title": "50 Popular Spring Crafts For Kids You Need To Make", "description": "Celebrate warmer weather & spring blooms with these 50 delightful spring crafts for kids. Bright, cheerful & fun to make these crafts are a guaranteed hit.", "follower_count": "108k", "tag_list": "Spring Crafts For Kids,Diy For Kids,Arts And Crafts For Kids Toddlers,Spring Crafts For Preschoolers,Spring Craft Preschool,Simple Kids Crafts,Summer Crafts For Toddlers,Easy Preschool Crafts,Garden Crafts For Kids", "is_image_or_video": "image", "image_src": "https://i.pinimg.com/originals/f0/ca/c3/f0cac3e3b0c2ebf5f2d2e4f70455e794.jpg", "downloaded": 1, "save_location": "Local save in /data/diy-and-crafts"}