{"category": "event-planning", "index": 4654, "unique_id": "27dca1a6-e2f9-46ed-83e8-935909e0e2c9", "title": "Hats Off To You! A Celebratory Tablescape - Celebrate & Decorate", "description": "A Great idea for a graduation celebration or a milestone in anyone's life, a retirement or a special anniversary.", "follower_count": "42k", "tag_list": "Diy Fizzy Bath Salts,Birthday Party Decorations,Halloween Decorations,Derby,Red Centerpieces,Elegant Dinner Party,Paris Party,Graduation Celebration,Floral Foam", "is_image_or_video": "image", "image_src": "https://i.pinimg.com/originals/3a/d7/23/3ad723c3a8bb3d209442f399b3245bdf.jpg", "downloaded": 1, "save_location": "Local save in /data/event-planning"}