{"category": "diy-and-crafts", "index": 3351, "unique_id": "282a8cf2-d4f3-4d21-837c-90c953b737cf", "title": "Easy Christmas Crafts for Kids - Fruit Loop Candy Cane", "description": "If you're looking for easy Christmas crafts for kids, this is it! You only need 2 things to make them - Fruit Loop cereal and pipe cleaners! They're a great fine motor activity\u2026\u00a0", "follower_count": "29k", "tag_list": "Kids Food Crafts,Preschool Christmas Crafts,Christmas Crafts For Kids To Make,Christmas Activities For Kids,Christmas Tree Crafts,Toddler Christmas,Toddler Crafts,Preschool Winter,Winter Activities", "is_image_or_video": "image", "image_src": "https://i.pinimg.com/originals/f4/40/aa/f440aae805984076e0886407677e0ec2.png", "downloaded": 1, "save_location": "Local save in /data/diy-and-crafts"}