{"category": "travel", "index": 10022, "unique_id": "282ab1fa-8727-459d-b724-856fe457e690", "title": "High quality 7PCS/set Travel Bag Set Women Men Luggage Organizer for Clothes Shoe Waterproof Packing Cube Portable Clothing - Khaki", "description": "Brand Name: PrettyluhhazelMain Material: OxfordHave Drawbars: NoItem Length: 41.5cmItem Width: 32cmItem Height: 11cmItem Type: Travel BagsClosure Type: Zipper & HaspTravel Bag:\u2026\u00a0", "follower_count": "3k", "tag_list": "Travel Luggage,Luggage Bags,Best Travel Accessories,Travel Organization,Travel Bag Organizer,Travel Essentials,Travel Hacks,Business Travel,Travel Style", "is_image_or_video": "image", "image_src": "https://i.pinimg.com/originals/f0/c3/b5/f0c3b59c58e7911e5382b09c13bee8f9.jpg", "downloaded": 1, "save_location": "Local save in /data/travel"}