{"category": "christmas", "index": 1675, "unique_id": "284e4605-8e67-4433-9d91-30d5f9f15d49", "title": "Creating a Farmhouse Mantle with Christmas Bell Garland", "description": "We\u2019re crafting a stunning farmhouse mantle with the ever-popular oversized and galvanized jingle bells. These Christmas bells are making their way into every aspect of rustic an\u2026\u00a0", "follower_count": "6k", "tag_list": "Christmas Trends,Christmas Mantels,Christmas Bells,Country Christmas,Christmas Inspiration,All Things Christmas,Christmas Crafts,Christmas Wreaths,Christmas Garland Decorations", "is_image_or_video": "image", "image_src": "https://i.pinimg.com/originals/a5/dd/3c/a5dd3c34bfb7c63189069306818a4110.jpg", "downloaded": 1, "save_location": "Local save in /data/christmas"}