{"category": "quotes", "index": 7586, "unique_id": "28525ffe-fb38-4e4b-90be-55464575cc3b", "title": "64 Bad Bitch Quotes To Awaken Your Inner Savage -Our Mindful Life", "description": "A feminist? More like a warrior. These bad bitch quotes might be the perfect slap-in-the-face you'll need to fight self-doubts.", "follower_count": "190k", "tag_list": "Bitch Quotes,Sarcastic Quotes,True Quotes,Funny Quotes,Girls Attitude Quotes,Sassy Quotes Bitchy,Bad Words Quotes,Bad Girl Quotes,Girl Qoutes", "is_image_or_video": "image", "image_src": "https://i.pinimg.com/originals/43/91/f5/4391f5ce5501ded201706022572514ae.png", "downloaded": 1, "save_location": "Local save in /data/quotes"}