{"category": "education", "index": 4027, "unique_id": "29c9790d-a6e1-4713-be58-bf91a0677cc4", "title": "Data collection in the special education classroom", "description": "Data collection in the special education classroom is a big undertaking. A better understanding of the data collection process allows you to collect data more easily and to dete\u2026\u00a0", "follower_count": "38k", "tag_list": "Special Education Organization,Preschool Special Education,Elementary Education,Kids Education,Education System,Special Education Progress Monitoring,Physical Education,Finland Education,Education Reform", "is_image_or_video": "image", "image_src": "https://i.pinimg.com/originals/68/7a/7f/687a7f9acb7b4dac402fe18ffb0b60f4.jpg", "downloaded": 1, "save_location": "Local save in /data/education"}