{"category": "finance", "index": 5166, "unique_id": "2a3f09fb-e7da-4e34-837f-68ce3803758b", "title": "How to Refinance Your Mortgage with Bad Credit", "description": "It's ideal to have good credit when refinancing your home, however, it is possible to refinance with bad credit. We cover your options here. #refinancemortgagetips #refinancequo\u2026\u00a0", "follower_count": "27k", "tag_list": "Home Refinance,Refinance Mortgage,Mortgage Tips,Financial Tips,Credit Score,Budgeting,Cover,Brian Decker,Saving Tips", "is_image_or_video": "image", "image_src": "https://i.pinimg.com/originals/d2/4b/10/d24b1089dc7ed4428f0eac65b3acf12f.jpg", "downloaded": 1, "save_location": "Local save in /data/finance"}