{"category": "tattoos", "index": 9074, "unique_id": "2adede06-7fb0-4b5f-8cf9-ce8e6d6fa6a1", "title": "77 Disney Tattoos To Unleash Your Magic Power - Our Mindful Life", "description": "Disney characters never go out with time. From small to bold, here are the best Disney tattoos that both adults and children will adore.", "follower_count": "190k", "tag_list": "Small Disney Tattoos,Disney Thigh Tattoo,Matching Disney Tattoos,Disney Couple Tattoos,Disney Inspired Tattoos,Disney Sleeve Tattoos,Matching Best Friend Tattoos,Small Tattoos,3 Best Friend Tattoos", "is_image_or_video": "image", "image_src": "https://i.pinimg.com/originals/29/1d/13/291d1361e275358df53c1db02b63d3a4.jpg", "downloaded": 1, "save_location": "Local save in /data/tattoos"}