{"category": "mens-fashion", "index": 6916, "unique_id": "2ae32115-4909-422b-9dad-51685310d35c", "title": "Dulwich Checked Shirt - S", "description": "A crisp checked shirt with the checks in grey, brown, black and white. An ensemble created with a casual straight cut formal trousers and leather shoes creates a monotone set up\u2026\u00a0", "follower_count": "33", "tag_list": "Stylish Mens Outfits,Stylish Shirts,Casual Wear For Men,Casual Shirts,Casual Outfits,Checked Shirt Outfit,Check Shirt Man,Mens Designer Shirts,Cotton Shirts For Men", "is_image_or_video": "image", "image_src": "https://i.pinimg.com/originals/63/50/8c/63508c86acf98677cd7eb1b03ebd37c5.jpg", "downloaded": 1, "save_location": "Local save in /data/mens-fashion"}