{"category": "art", "index": 310, "unique_id": "2afd584f-ce06-4358-8372-fe0b01fbd288", "title": "2nd grade Polar Bears", "description": "Welcome back! So glad to see all of you! This week, 2nd grade is going to be starting this cute lil polar bear, inspired by the fabulous Lauralee Chambers! Here's a link to her\u2026\u00a0", "follower_count": "13k", "tag_list": "Art Lessons For Kids,Art Lessons Elementary,Art For Kids,Elementary Art Education,Elementary Art Rooms,Art 2nd Grade,Grade 2,Art D'ours,Arte Elemental", "is_image_or_video": "image", "image_src": "https://i.pinimg.com/originals/bb/32/4d/bb324dfa309b719eef404888c52cf56b.jpg", "downloaded": 1, "save_location": "Local save in /data/art"}