{"category": "travel", "index": 9979, "unique_id": "2b2abc85-fc51-481f-8ae6-17681993da28", "title": "Paris in the Summer. 10 fun things to do in Paris in the Summertime \u2022 Petite in Paris", "description": "Are you traveling to Paris during the summer? Find out what to do in Paris, France during the summer. Fun summertime activities in Paris. Enjoy the incredible outdoors when trav\u2026\u00a0", "follower_count": "3k", "tag_list": "Torre Eiffel Paris,Tour Eiffel,Picnic In Paris,Hello France,Voyage Europe,Destination Voyage,Beautiful Places To Travel,Travel Aesthetic,Paris Travel", "is_image_or_video": "image", "image_src": "https://i.pinimg.com/originals/6c/4c/90/6c4c90bba27ebf8c8bfe4c1acfb9f07a.jpg", "downloaded": 1, "save_location": "Local save in /data/travel"}