{"category": "education", "index": 3626, "unique_id": "2e64badd-c774-46a0-bdb2-5ddbfcce789f", "title": "K&S\u2122 Brass Flat Strip: 0.032\" Thick x 1/4\" Wide x 36\" Long (5 Pieces)", "description": "Our mission at K&S is to supply you with high-quality metals for your projects. Through precision machinery and great talent, we can supply 100s of stocked products along with c\u2026\u00a0", "follower_count": "5", "tag_list": "Stop Motion,Hobbies And Crafts,Craft Stores,Home Crafts,Metals,Planes,Trains,Home Improvement,Engineering", "is_image_or_video": "image", "image_src": "https://i.pinimg.com/originals/fc/78/b8/fc78b88582b40a5f72b98e3aab910187.png", "downloaded": 1, "save_location": "Local save in /data/education"}