{"category": "home-decor", "index": 6558, "unique_id": "2eb66add-1986-40bd-a0da-8e0b485b3768", "title": "12 Genius Laundry Room Organization Hacks - Mommyhooding", "description": "I feel like the laundry room doesn\u2019t get a ton of love! I also know that my laundry room (a.k.a the basement) is an absolute hot mess, so I need to start implementing some sort\u2026\u00a0", "follower_count": "13k", "tag_list": "Laundry Room Doors,Laundry Room Organization,Laundry Room Design,Diy Organization,Organizing Tips,Laundry Closet,Laundry Supplies,Cleaning Supplies,Cleaning Products", "is_image_or_video": "image", "image_src": "https://i.pinimg.com/originals/e5/2d/8d/e52d8d7207b8c0f22600b6fca5d9fa5a.jpg", "downloaded": 1, "save_location": "Local save in /data/home-decor"}