{"category": "finance", "index": 5551, "unique_id": "2f1a2e82-2e1b-48b9-8284-801805479757", "title": "How To Save Money Fast With A Spending Freeze - Fun Cheap or Free", "description": "Ever tried a spending freeze? You should! Learn how to save money and get out of debt fast - it's easier than you think!", "follower_count": "152k", "tag_list": "Save Money On Groceries,Ways To Save Money,Money Tips,Money Saving Tips,Money Budget,Managing Money,Saving Ideas,Frugal Living Tips,Frugal Tips", "is_image_or_video": "image", "image_src": "https://i.pinimg.com/originals/ab/a8/6d/aba86dc3fffdd3dbdc0dfeaf4b7aa997.png", "downloaded": 1, "save_location": "Local save in /data/finance"}