{"category": "home-decor", "index": 6261, "unique_id": "308c5c1c-1ebd-4649-be78-14424ee346b1", "title": "DECORATING WITH RATTAN & CANE - Dashing Darlin'", "description": "BOHEMIAN TRENDING TEXTURES FOR THE HOME ~ ROUNDED UP MY FAVORITE RATTAN & CANE HOME DECOR FINDS", "follower_count": "13k", "tag_list": "Boho Chic Living Room,Boho Chic Entryway,Living Room Decor With White Couch,Rustic Living Rooms,Diy Living Room,Living Room Upstairs,Rustic Room,Bohemian Living,Living Room Inspiration", "is_image_or_video": "image", "image_src": "https://i.pinimg.com/originals/24/89/f7/2489f76f98cb3c1189848ddc42f2ec52.jpg", "downloaded": 1, "save_location": "Local save in /data/home-decor"}