{"category": "beauty", "index": 1371, "unique_id": "33e92ac1-73d1-4c31-9892-d5e633060790", "title": "How To Do Makeup - Step By Step Tips For The Perfect Look", "description": "What are the basic things you need for makeup? Let\u2019s be honest, ladies; all women can do makeup, yet not all women know how to do makeup right. The good news is, this post can t\u2026\u00a0", "follower_count": "799k", "tag_list": "Contouring Makeup,Skin Makeup,Beauty Makeup,Makeup Brushes,Eyeliner Makeup,Makeup Tips Lips,Makeup 101,Cheap Makeup,Rosa Eyeliner", "is_image_or_video": "image", "image_src": "https://i.pinimg.com/originals/2c/1a/d4/2c1ad45b5c54034a2dbc73c84a89f5e4.jpg", "downloaded": 1, "save_location": "Local save in /data/beauty"}