{"category": "diy-and-crafts", "index": 3334, "unique_id": "35a5460b-412c-4135-8122-e4461866018a", "title": "DIY - GUMBALL MACHINE FROM BOTTLE", "description": "No description available Story format", "follower_count": "60k", "tag_list": "Diy Crafts For Teens,Diy Crafts To Do,Diy Crafts Hacks,Diy Crafts Jewelry,Diy Arts And Crafts,Cute Crafts,Creative Crafts,Easy Crafts,Cute Diy Crafts For Your Room", "is_image_or_video": "multi-video(story page format)", "image_src": "https://i.pinimg.com/videos/thumbnails/originals/39/29/48/392948e8d63ec699260decb0fc9647c1.0000001.jpg", "downloaded": 1, "save_location": "Local save in /data/diy-and-crafts"}