{"category": "quotes", "index": 7940, "unique_id": "39d852d0-c31f-4f92-8a04-da241af34ac9", "title": "Psychology says:", "description": "Psychology says: When you are ignored by a person whose attention means the most to you, the reaction in your brain will be similar to physical pain.", "follower_count": "296k", "tag_list": "Wisdom Quotes,True Quotes,Bullshit Quotes,Fact Quotes,Funny Quotes,Mood Quotes,Positive Quotes,Meaningful Quotes,Inspirational Quotes", "is_image_or_video": "image", "image_src": "https://i.pinimg.com/originals/a0/0a/b2/a00ab2dd4c1ce53678f6b11bc9274da9.jpg", "downloaded": 1, "save_location": "Local save in /data/quotes"}