{"category": "education", "index": 4076, "unique_id": "3a52d364-7c04-47cb-a3e5-56d9e2b77528", "title": "Phonics Activities Your Kids Will Love - The Literacy Nest", "description": "Hi everyone! As a teacher using the Orton-Gillingham approach, I am constantly looking for phonics activities that my students will find fun and engaging. Using Orton-Gillingham\u2026\u00a0", "follower_count": "22k", "tag_list": "Literacy Games,Kindergarten Activities,Literacy Centers,Fun Phonics Activities,Listening Activities,Vocabulary Games,Literacy Stations,Letter Activities,Montessori Activities", "is_image_or_video": "image", "image_src": "https://i.pinimg.com/originals/58/8e/38/588e380b19942a71a86a69d9c9973d25.png", "downloaded": 1, "save_location": "Local save in /data/education"}