{"category": "travel", "index": 9487, "unique_id": "3bccb05e-f031-477f-9ca4-9be28e5bd542", "title": "The Cheapest Countries to Visit Around the World", "description": "Are you looking for the cheapest country to visit? Here are the cheapest countries to visit in the world! These are affordable destinations that offer the most value for an unfo\u2026\u00a0", "follower_count": "7k", "tag_list": "Travel Advice,Travel Guides,Travel Tips,Travel Goals,Travel Info,Travel Essentials,Travel Stuff,Travel Hacks,Cheap Travel", "is_image_or_video": "image", "image_src": "https://i.pinimg.com/originals/56/10/37/561037138bcc9c20e88a8e66ae0cb658.png", "downloaded": 1, "save_location": "Local save in /data/travel"}