{"category": "travel", "index": 10099, "unique_id": "3bd54ff8-730b-4816-b6f4-3a7f2238589b", "title": "The small town of Hallstatt, Austria - Cozy & Comfy", "description": "5,237 points \u2022 127 comments", "follower_count": "3M", "tag_list": "Beautiful Places To Travel,Best Places To Travel,Places To See,Beautiful Sites,Best Places To Live,Beautiful World,Beautiful Things,Voyage Dubai,Travel Photographie", "is_image_or_video": "image", "image_src": "https://i.pinimg.com/originals/e9/3f/10/e93f104c9931ae559666257ab3228506.png", "downloaded": 1, "save_location": "Local save in /data/travel"}