{"category": "diy-and-crafts", "index": 3360, "unique_id": "3bf0387c-82eb-4744-b147-6ede3aeff992", "title": "DIY - SATISFYING EASY FIDGET TOY IDEA -", "description": "No description available Story format", "follower_count": "60k", "tag_list": "Easy Crafts For Teens,Diy Crafts To Do,Diy Resin Crafts,Diy Crafts Hacks,Craft Activities For Kids,Diy Arts And Crafts,Hard Crafts,Teen Crafts,Kids Diy", "is_image_or_video": "multi-video(story page format)", "image_src": "https://i.pinimg.com/videos/thumbnails/originals/e3/e3/57/e3e3576e24b1eb3d77cf53c4569aa3ec.0000001.jpg", "downloaded": 1, "save_location": "Local save in /data/diy-and-crafts"}