{"category": "vehicles", "index": 10917, "unique_id": "3c446676-78ff-4921-b170-58fbf0fa8de3", "title": "EX.MOD | NATO Sales, British  military  trucks for sale", "description": "EX.MOD | NATO Sales, British military trucks for sale", "follower_count": "6", "tag_list": "Military Surplus,Military Vehicles,Zombie Vehicle,Lifted Ford Trucks,Toyota Trucks,Pickup Trucks,Armored Truck,Armored Fighting Vehicle,Expedition Vehicle", "is_image_or_video": "image", "image_src": "https://i.pinimg.com/originals/e7/6a/e9/e76ae951b59dc1ac208643ecbff8b19f.jpg", "downloaded": 1, "save_location": "Local save in /data/vehicles"}