{"category": "quotes", "index": 8448, "unique_id": "3e3d8931-2c65-4104-aab1-cce8aa4f7e20", "title": "Friday Things #343", "description": "1. Over the last week or so, Dominic has asked me to sit next to his crib after we say goodnight and he falls asleep in just a few minutes. And a few nights ago,", "follower_count": "271k", "tag_list": "Quotable Quotes,Wisdom Quotes,Words Quotes,Wise Words,Me Quotes,Motivational Quotes,Inspirational Quotes,Sayings,People Quotes", "is_image_or_video": "image", "image_src": "https://i.pinimg.com/originals/2b/a9/ca/2ba9ca11efb371a25f26173a823c0a23.jpg", "downloaded": 1, "save_location": "Local save in /data/quotes"}