{"category": "quotes", "index": 8123, "unique_id": "3e9581f2-c826-41d4-aaf2-50a54fa62d8b", "title": "Quotes - Two Southern Sweeties", "description": "Quotes - Quotes and Memes", "follower_count": "13k", "tag_list": "Fake People Quotes,Fake Friend Quotes,Fake Friends,Funny Friends,Fake Person Quotes,Treat People Quotes,Ungrateful People Quotes,Close Friends,Positive Quotes For Life", "is_image_or_video": "image", "image_src": "https://i.pinimg.com/originals/fd/07/24/fd0724ec5497706330b7486b6c6a3f90.jpg", "downloaded": 1, "save_location": "Local save in /data/quotes"}