{"category": "quotes", "index": 7896, "unique_id": "40a7970b-2950-4b6f-b36d-f740e6846a9b", "title": "Nine Favorite Things.", "description": "Nine Favorite Things: from Pinterest inspirations, to cooking with spring produce, to Q & A's, to binge watching Bon App\u00e9tit Videos, to links she is loving, to favorite bathing\u2026\u00a0", "follower_count": "912k", "tag_list": "Now Quotes,Care Quotes,Daily Quotes,Words Quotes,Wise Words,Best Quotes,Funny Quotes,Favorite Quotes,Good Mood Quotes", "is_image_or_video": "image", "image_src": "https://i.pinimg.com/originals/f7/bd/47/f7bd473769986aaf0c71517d4b1b04e8.jpg", "downloaded": 1, "save_location": "Local save in /data/quotes"}