{"category": "travel", "index": 10119, "unique_id": "40eab9ba-7812-4f26-baca-35a6bed95a9f", "title": "How to Afford Family Travel: 10 Mistakes You're Making (and what to do instead) | Our Next Adventure", "description": "See families traveling all the time and wonder, \"how the heck do they afford this?\" Read 10 mistakes you might be making, and what you should do instead.", "follower_count": "9k", "tag_list": "Family Vacation Destinations,Vacation Trips,Travel Destinations,Vacation Ideas,Cheap Family Vacations,Vacation Travel,Best Family Vacation Spots,Vacation Quotes,Vacation Memories", "is_image_or_video": "image", "image_src": "https://i.pinimg.com/originals/0a/49/fb/0a49fbcec746c4219d3a6f30834f378e.jpg", "downloaded": 1, "save_location": "Local save in /data/travel"}