{"category": "beauty", "index": 1216, "unique_id": "4123ab8b-3ca3-411e-8763-92899ec991aa", "title": "10 Ways to Use MAC Prep + Prime Fix+. \u2014 Beautiful Makeup Search", "description": "I've been using MAC Prep + Prime Fix+ since its inception. The original makeup hydrating mist, this popular beauty product has sort of taken on a life of its own as users have d\u2026\u00a0", "follower_count": "159k", "tag_list": "Makeup Dupes,Makeup Kit,Makeup Cosmetics,Sephora Makeup,Face Makeup,Fix Plus Mac,Everyday Beauty Routine,Everyday Makeup,Mac Chatterbox", "is_image_or_video": "image", "image_src": "https://i.pinimg.com/originals/90/bd/d4/90bdd4be9991dd4449d3d699e0b17963.jpg", "downloaded": 1, "save_location": "Local save in /data/beauty"}