{"category": "quotes", "index": 7733, "unique_id": "4345edf6-abc4-4fc6-9230-660280ef149b", "title": "40 Pick-Me-Up Quotes For When You Feel Like You're About To Give Up", "description": "40 Best Inspirational Quotes To Encourage You To Not Give Up | YourTango", "follower_count": "942k", "tag_list": "Proud Quotes,Now Quotes,Words Quotes,Life Quotes,Sayings,Leader Quotes,Quotes About Being Proud,Try Again Quotes,Relationship Quotes", "is_image_or_video": "image", "image_src": "https://i.pinimg.com/originals/07/eb/16/07eb163de430de579cedf9ed92eba33c.jpg", "downloaded": 1, "save_location": "Local save in /data/quotes"}