{"category": "beauty", "index": 1313, "unique_id": "44662045-e891-4821-8a19-ebe7eedd371a", "title": "Liquid Lash Extensions Mascara", "description": "Instantly create the look of lash extensions with this award-winning, best-selling mascara that won't clump, flake or smudge. Available in 3 shades!", "follower_count": "43k", "tag_list": "N,o, ,T,a,g,s, ,A,v,a,i,l,a,b,l,e", "is_image_or_video": "video", "image_src": "https://i.pinimg.com/videos/thumbnails/originals/69/84/e2/6984e20f3e262098fa9c0614c3453254.0000001.jpg", "downloaded": 1, "save_location": "Local save in /data/beauty"}