{"category": "finance", "index": 5742, "unique_id": "44fc133d-0d79-4f00-a803-d6aa5fc8c31b", "title": "How To Find The Best Stocks", "description": "How to find Great Stocks #Finance #Investing #DaveRamsey #Debt #PassiveIncome #PersonalFinance #Trading #Stocks", "follower_count": "19k", "tag_list": "Stock Finance,Finance Tracker,Finance Tips,Trade Finance,Dave Ramsey,Homepage Layout,Analyse Technique,Value Stocks,Bollinger Bands", "is_image_or_video": "image", "image_src": "https://i.pinimg.com/originals/0d/d2/8e/0dd28e384ea880145f1445a22e10fac5.png", "downloaded": 1, "save_location": "Local save in /data/finance"}