{"category": "diy-and-crafts", "index": 3454, "unique_id": "46bd3f86-b09d-4e29-9033-7ff2df595e51", "title": "What can you use to color resin?", "description": "HELPFUL RESOURCES \u2013 Check out my resin colorants resources page here with links to all the products mentioned in this article (and more). Let me know if you have any that you lo\u2026\u00a0", "follower_count": "6k", "tag_list": "Epoxy Resin Art,Diy Resin Art,Diy Resin Crafts,Resin Molds,Ice Resin,Resin Pour,Diy Epoxy,Diy Resin Painting,Diy Resin Dice", "is_image_or_video": "image", "image_src": "https://i.pinimg.com/originals/d4/12/78/d4127833023ca32600571ddca16f1556.jpg", "downloaded": 1, "save_location": "Local save in /data/diy-and-crafts"}