{"category": "tattoos", "index": 9185, "unique_id": "470574e5-054a-4851-84b7-b7440e272189", "title": "Best Tattoos For Women - Tattoos | Med Tech", "description": "Skull Butterfly and Rose Tattoo Design #tattoos #tattoosforwomen", "follower_count": "198", "tag_list": "Bild Tattoos,Neue Tattoos,Tattoo Design Drawings,Tattoo Designs Men,Sketch Tattoo,Skull Drawings,Design Tattoos,Skull Tattoo Design,Skull Design", "is_image_or_video": "image", "image_src": "https://i.pinimg.com/originals/73/95/98/73959805635cd74383b87f2c889ef090.jpg", "downloaded": 1, "save_location": "Local save in /data/tattoos"}