{"category": "travel", "index": 10087, "unique_id": "49705425-9dac-4fe5-a3a9-09cb9a346043", "title": "25 Best Road Trips in the USA (Itinerary Ideas + Tips!)", "description": "Looking for the best road trips in the USA? From weekend getaways to long adventures, here's how to create the perfect USA road trip itinerary for you!", "follower_count": "15k", "tag_list": "Road Trip Usa,Usa Roadtrip,Travel Usa,Texas Travel,Best Road Trips,Family Road Trips,Travel Oklahoma,Voyage Usa,Travel Photographie", "is_image_or_video": "image", "image_src": "https://i.pinimg.com/originals/00/0c/d1/000cd1ac15606c5dca017f5b198eb9a8.png", "downloaded": 1, "save_location": "Local save in /data/travel"}