{"category": "art", "index": 772, "unique_id": "49a12516-2c77-445f-b656-4b55b4a69608", "title": "5 Pastel Color Palettes for 5 Floral Favorites", "description": "Everyone loves flowers for their beautiful shapes and color, but confronting all that colorful splendor can be daunting. Artist Jude Tolar shows how to make color decoding easy\u2026\u00a0", "follower_count": "227k", "tag_list": "Chalk Pastel Art,Soft Pastel Art,Pastel Artwork,Oil Pastel Paintings,Chalk Pastels,Pastel Drawing,Oil Pastels,Horse Paintings,Flower Paintings", "is_image_or_video": "image", "image_src": "https://i.pinimg.com/originals/e1/eb/e8/e1ebe8d2f201d92109b1b12bf6e2c1ac.jpg", "downloaded": 1, "save_location": "Local save in /data/art"}