{"category": "art", "index": 427, "unique_id": "4a455340-09a2-4370-ad86-73d7964603db", "title": "DIY Acrylic Paint Pouring Wall Art - Abbotts At Home", "description": "Easy to follow steps for this easy DIY wall art. Acrylic Paint Pouring with a blow dryer, Dutch paint pour. Written steps and full step by step video to help you do it too! \ud83d\udc4d", "follower_count": "52k", "tag_list": "Acrylic Pouring Art,Acrylic Wall Art,Acrylic Pouring Techniques,Acrylic Paintings,Art Paintings,Marble Art,Marble Painting,Pour Painting,Large Canvas Art", "is_image_or_video": "video", "image_src": "https://i.pinimg.com/videos/thumbnails/originals/d5/5e/fa/d55efa6ef50d35dac425cea935f39c89.0000001.jpg", "downloaded": 1, "save_location": "Local save in /data/art"}