{"category": "mens-fashion", "index": 7166, "unique_id": "4a844b03-e161-47a1-904b-591eb5dc4fb1", "title": "The Killers - Mr. Brightside - Women's T-Shirt - Heather Dark Grey / S", "description": "Women's T-shirt. Design inspired by the rock band The Killers' hit \"Mr. Brightside\". One of the greatest song from the album Hot Fuss released in 2004. Soft and light, 100% cott\u2026\u00a0", "follower_count": "27", "tag_list": "Mr Brightside,Rock T Shirts,Greatest Songs,Timeless Classic,Rock Bands,Album,T Shirts For Women,Inspired,Hot", "is_image_or_video": "image", "image_src": "https://i.pinimg.com/originals/8c/42/39/8c42391d35fcad51a4a79f7cd81bf26d.jpg", "downloaded": 1, "save_location": "Local save in /data/mens-fashion"}