{"category": "home-decor", "index": 6348, "unique_id": "4ad3facd-af32-4c21-beb7-5eed058001cf", "title": "10 Beautiful Rooms - Mad About The House", "description": "Last week I showed you a picture of some wonderful green wallpaper by Divine Savages that had been fixed above some dark green tiles and then suddenly I kept seeing gorgeous gre\u2026\u00a0", "follower_count": "242k", "tag_list": "Bad Inspiration,Bathroom Inspiration,Bathroom Ideas,Art Deco Bathroom,Bathroom Bin,Master Bathroom,Bathroom Designs,Interior Inspiration,Pool Bathroom", "is_image_or_video": "image", "image_src": "https://i.pinimg.com/originals/f0/de/47/f0de47153f1fe7c76432dd74ef533ca8.jpg", "downloaded": 1, "save_location": "Local save in /data/home-decor"}