{"category": "tattoos", "index": 9425, "unique_id": "4b064d8d-8c45-4d13-b75a-0423d401b1a5", "title": "30 Tiny or Small Tattoo Ideas and Designs for Women", "description": "30 Tiny or Small Tattoo Ideas and Designs for Women", "follower_count": "7k", "tag_list": "Mini Tattoos,Little Tattoos,Body Art Tattoos,Tatoos,Rosary Tattoos,Bracelet Tattoos,Bow Tattoos,Belly Tattoos,Heart Tattoos", "is_image_or_video": "image", "image_src": "https://i.pinimg.com/originals/30/bf/f2/30bff25f73876db338366afebeb1abe2.jpg", "downloaded": 1, "save_location": "Local save in /data/tattoos"}