{"category": "art", "index": 232, "unique_id": "4b3a299c-b202-44c3-8e54-bedce8f35429", "title": "Mountains made up of lines", "description": "Lines can depict any shape; they can create tridimensional effects and give the perception of movement. I did this drawing with 6th grade students, in order to create a mountain\u2026\u00a0", "follower_count": "26", "tag_list": "Line Art Projects,School Art Projects,Art School,Art Education Projects,Garden Projects,Doodle Art,Elements Of Art Line,4th Grade Art,Art Lessons Elementary", "is_image_or_video": "image", "image_src": "https://i.pinimg.com/originals/ad/e2/af/ade2af2b4ad1419a8d13b12a7969be16.jpg", "downloaded": 1, "save_location": "Local save in /data/art"}