{"category": "travel", "index": 9778, "unique_id": "4bbe076e-8916-4e61-befc-c9ab952af442", "title": "Burano Italy \u2014 How to Visit The Most Colorful Town in Europe!", "description": "Your Guide to Burano, Italy. The most colorful town in Europe!", "follower_count": "219k", "tag_list": "Places To Travel,Places To Go,Travel Destinations,Holiday Destinations,Day Trips From Venice,Venice In A Day,Italy Travel Tips,Cities In Europe,Europe Places", "is_image_or_video": "image", "image_src": "https://i.pinimg.com/originals/8d/21/22/8d212261e5a8e25eabf2487ce0afc3f5.jpg", "downloaded": 1, "save_location": "Local save in /data/travel"}