{"category": "tattoos", "index": 9198, "unique_id": "4beee221-e7c2-4e5d-93d9-a0e98e3450a0", "title": "Find the best global talent.", "description": "No description available", "follower_count": "565k", "tag_list": "Hand Tattoos,Dope Tattoos,Pretty Tattoos,Beautiful Tattoos,Body Art Tattoos,Small Tattoos,Tattoos For Guys,Tattoos For Women,Flower Tattoos", "is_image_or_video": "image", "image_src": "https://i.pinimg.com/originals/f9/08/67/f908679c6fd45aed6ab23b482728fa83.jpg", "downloaded": 1, "save_location": "Local save in /data/tattoos"}