{"category": "event-planning", "index": 4913, "unique_id": "4d2d79c6-9ca8-46c9-a38e-931c5d967804", "title": "How to Work From Home as an Event Planner", "description": "Do you love planning parties? Do you want to work-at-home? This post covers everything you need to know about becoming a home-based event planner!", "follower_count": "110k", "tag_list": "Event Planning Tips,Event Planning Business,Party Planning,Business Ideas,Craft Business,Business Chic,Business Inspiration,Business Goals,Business Opportunities", "is_image_or_video": "image", "image_src": "https://i.pinimg.com/originals/4d/a3/a4/4da3a4730418239f1b43ce81fb032c15.jpg", "downloaded": 1, "save_location": "Local save in /data/event-planning"}