{"category": "christmas", "index": 2411, "unique_id": "4e11801e-7a64-4f1e-90dd-e900677595c5", "title": "The Sweetest Gingerbread House Ornaments Kids Can Make", "description": "Transform mini terra cotta pots into the sweetest gingerbread house ornaments! Kids will love making this adorable Christmas craft to hang on the tree.", "follower_count": "20k", "tag_list": "Noel Christmas,Diy Christmas Ornaments,Homemade Christmas,Simple Christmas,Gingerbread Ornaments,Christmas Gingerbread,Gingerbread Houses,Preschool Christmas,Ornaments Ideas", "is_image_or_video": "image", "image_src": "https://i.pinimg.com/originals/13/28/09/1328097d7c290d1bf8642b01a6ba1c6c.jpg", "downloaded": 1, "save_location": "Local save in /data/christmas"}