{"category": "event-planning", "index": 4765, "unique_id": "4ef922fd-efd0-4cbd-9c73-1b6d769bce10", "title": "Cinderella Birthday Party", "description": "Cinderella pink dress. Mice and birds making pink dress display. Prop", "follower_count": "1k", "tag_list": "Cinderella Pink Dress,Cinderella Mice,Cinderella Theme,Cinderella Birthday,Princess Birthday,Princess Party,Fourth Birthday,Diy Birthday,Birthday Party Themes", "is_image_or_video": "image", "image_src": "https://i.pinimg.com/originals/4d/7e/54/4d7e54618221e274693ef43b7b24969a.jpg", "downloaded": 1, "save_location": "Local save in /data/event-planning"}