{"category": "christmas", "index": 2343, "unique_id": "4f159cfb-2b40-472d-9409-eb30b5fe806b", "title": "How to be ready for Christmas", "description": "Get all of your Christmas Shopping, Holiday Meal PLanning, and Decorationg done so you can have a stress free Christmas. Enjoy the family time and be ready for Christmas early!", "follower_count": "5k", "tag_list": "Christmas To Do List,Frugal Christmas,Christmas Planning,Christmas Hacks,Christmas Activities,Christmas Countdown,Christmas Shopping,Christmas Holidays,Family Christmas Traditions", "is_image_or_video": "image", "image_src": "https://i.pinimg.com/originals/66/15/d2/6615d2ecbdb88442bc89fedb03747ac6.png", "downloaded": 1, "save_location": "Local save in /data/christmas"}