{"category": "home-decor", "index": 6615, "unique_id": "4f8ac7da-93cb-41b9-9e05-b258d9cf8a35", "title": "Under The Sink Kitchen Organzation", "description": "No description available Story format", "follower_count": "2k", "tag_list": "Under Kitchen Sink Organization,Home Organization Hacks,Pantry Organization,Kitchen Storage,Tank Top Organization,Medicine Cabinet Organization,Organizing Ideas,Apartment Kitchen,Home Decor Kitchen", "is_image_or_video": "multi-video(story page format)", "image_src": "https://i.pinimg.com/videos/thumbnails/originals/32/31/92/323192e2cce37501f423a9b23009bd23.0000001.jpg", "downloaded": 1, "save_location": "Local save in /data/home-decor"}