{"category": "home-decor", "index": 6602, "unique_id": "52dac0c0-cd32-467a-94ef-d6d19d5ff8d1", "title": "MULTIPLE Afrocentric Bathroom Shower Curtains - Pro Black Home Decorations / Decor - Savage", "description": "Afrocentric Bathroom Shower Curtains / Home Decor These beautiful afrocentric shower curtains are approximately 59x70 inches and fits most typical bathroom showers. We have even\u2026\u00a0", "follower_count": "14k", "tag_list": "Afro Shower Curtain,Black Shower Curtains,Cheap Shower Curtains,Bathroom Shower Curtains,Fabric Shower Curtains,Bathroom Showers,Pool Lounge,Hookah Lounge,African Quilts", "is_image_or_video": "image", "image_src": "https://i.pinimg.com/originals/22/cc/bd/22ccbd20b43a7e3f74fb3c235e9171e7.png", "downloaded": 1, "save_location": "Local save in /data/home-decor"}