{"category": "diy-and-crafts", "index": 2923, "unique_id": "52fa3af5-24a4-4ccb-8f17-9c3eb12327ee", "title": "UFO Paper Plate Craft", "description": "A fun space activity for kids. Preshoolers and kindergartners will love making their own alien spacecraft!", "follower_count": "192k", "tag_list": "Paper Plate Crafts For Kids,Fun Crafts For Kids,Summer Crafts,Toddler Crafts,Art For Kids,Outer Space Crafts For Kids,Kid Crafts,Space Kids,Back To School Crafts For Kids", "is_image_or_video": "image", "image_src": "https://i.pinimg.com/originals/6f/e8/aa/6fe8aa405513c6d2f77b5f47d17cdce8.jpg", "downloaded": 1, "save_location": "Local save in /data/diy-and-crafts"}