{"category": "quotes", "index": 7874, "unique_id": "5343b4fb-36a8-4f38-a71d-48c5eaabb57f", "title": "35 Happiness Quotes Will Remind You To Freaking ROCK Your Day Today", "description": "Who needs anyone else? not me. I deserve the world so I'm gonna give it to myself. | Being You | Inspirational Quotes | #beinspired #beyourself #inspirationalquote | www.unsoshl\u2026\u00a0", "follower_count": "942k", "tag_list": "Good Quotes,Motivacional Quotes,Quotes Thoughts,Great Inspirational Quotes,Life Quotes Love,Self Love Quotes,Change Quotes,Quotes To Live By,Best Quotes", "is_image_or_video": "image", "image_src": "https://i.pinimg.com/originals/24/8e/64/248e64a976d22570453b252fdcb96396.jpg", "downloaded": 1, "save_location": "Local save in /data/quotes"}