{"category": "art", "index": 327, "unique_id": "549e1cf5-2301-478b-9e41-af3f618bdc5b", "title": "10 Creative Influencers to Follow for Preschool Arts and Crafts Ideas", "description": "These up-and-coming influencers share amazing ideas for teaching our children through art, nature, and play. Also, their ideas are educational and fun!", "follower_count": "2k", "tag_list": "Classe D'art,Preschool Arts And Crafts,Preschool Christmas,Christmas Crafts,Ecole Art,Beginning Of School,Art Classroom,Flipped Classroom,Art Plastique", "is_image_or_video": "image", "image_src": "https://i.pinimg.com/originals/82/c1/1c/82c11cdbc4adcbccf8db68187f45abe3.jpg", "downloaded": 1, "save_location": "Local save in /data/art"}