{"category": "quotes", "index": 7801, "unique_id": "55f282f7-3038-450c-9b72-366072583f1c", "title": "Art Print: Wilson's Be Stronger Than Your Excuses, 32x24in.", "description": "Size: 32x24in Be Stronger Than Your ExcusesWe have more Brett Wilson Posters. Choose from our catalog of over 500,000 posters! This art print displays sharp, vivid images with a\u2026\u00a0", "follower_count": "72k", "tag_list": "Motivation Positive,Fitness Motivation Quotes,Motivational Workout Quotes,Quotes About Fitness,Motivational Quotes For Working Out,Health Fitness Quotes,Gym Fitness,Motivating Quotes,Motivational Quotes For Athletes", "is_image_or_video": "image", "image_src": "https://i.pinimg.com/originals/d3/49/5e/d3495e71e97c681086ef12fbb10e4eb7.jpg", "downloaded": 1, "save_location": "Local save in /data/quotes"}