{"category": "home-decor", "index": 6066, "unique_id": "566586e5-bf39-4d0f-a639-72b82ec06e63", "title": "23 Marvelous Farmhouse Fall Decor Ideas for Your Home", "description": "These farmhouse fall decor ideas will help you decorate every room in your home for the autumn season in the coziest way possible!", "follower_count": "67k", "tag_list": "Decoration Design,Deco Design,Fall Home Decor,Autumn Home,Home Living Room,Living Room Decor,Love Your Home,Cozy House,Home Decor Inspiration", "is_image_or_video": "image", "image_src": "https://i.pinimg.com/originals/21/49/2a/21492a428cdd51fcffde6e0579f07ca3.jpg", "downloaded": 1, "save_location": "Local save in /data/home-decor"}