{"category": "event-planning", "index": 4780, "unique_id": "56e51fdc-0d6e-49c4-84bd-9661dd4fbbd0", "title": "How to turn yourself into a GIF", "description": "No description available Story format", "follower_count": "77k", "tag_list": "Social Media Marketing Business,Digital Marketing Strategy,Marketing Tools,Content Marketing,Online Marketing,Network Marketing Tips,Social Media Branding,Marketing Ideas,Social Media Content", "is_image_or_video": "multi-video(story page format)", "image_src": "https://i.pinimg.com/videos/thumbnails/originals/68/fd/61/68fd61f218b33759cb13adcecf6cf9cc.0000001.jpg", "downloaded": 1, "save_location": "Local save in /data/event-planning"}