{"category": "art", "index": 501, "unique_id": "56f1fce4-95f0-4453-92aa-12959e40b845", "title": "This Artist Creates Weirdly Cozy Illustrations That Are Creepy At The Same Time (40 Pics)", "description": "Artists use their skills to create all kinds of worlds, characters, and concepts, most of us can't even imagine. The perfect example of that is Carles Dalmau.", "follower_count": "2M", "tag_list": "Cute Art Styles,Cartoon Art Styles,Different Art Styles,Forest Elf,Pics Art,Pretty Art,Character Design Inspiration,Aesthetic Art,Cute Drawings", "is_image_or_video": "image", "image_src": "https://i.pinimg.com/originals/4f/fa/b4/4ffab4ce9bb06d5e2371488a9430d9e2.jpg", "downloaded": 1, "save_location": "Local save in /data/art"}