{"category": "finance", "index": 5198, "unique_id": "59c82bee-b052-40e1-85aa-1ace372bacab", "title": "How to Coupon at Walgreens", "description": "Walgreens can be a bit tricky to save money and coupon at. But don't let that discourage you because the deals there can are AMAZING.", "follower_count": "134k", "tag_list": "Ways To Save Money,Money Tips,Money Saving Tips,Frugal Living Tips,Frugal Tips,Dave Ramsey,Extreme Couponing,Start Couponing,Show Me The Money", "is_image_or_video": "image", "image_src": "https://i.pinimg.com/originals/95/c8/30/95c830b3172fa707b38b7dc9adbc7096.jpg", "downloaded": 1, "save_location": "Local save in /data/finance"}