{"category": "event-planning", "index": 4561, "unique_id": "5a9eb592-e2f2-459b-9159-cfed964243c5", "title": "Blush 30 feet long Premium Sheer Voile Ceiling Draping Panel", "description": "Affordable lightweight, translucent sheer fabric backdrop curtains for your party or home from Balsa Circle! Perfect as a photo background or simply to set the mood, curtains co\u2026\u00a0", "follower_count": "2k", "tag_list": "Ceiling Curtains,Voile Curtains,Sheer Curtain Panels,Sheer Drapes,Panel Curtains,Fabric Ceiling,Blue Drapes,Bedroom Drapes,Gold Ceiling", "is_image_or_video": "image", "image_src": "https://i.pinimg.com/originals/4a/bb/8a/4abb8a44ae1a69f4521e692641f49318.jpg", "downloaded": 1, "save_location": "Local save in /data/event-planning"}