{"category": "quotes", "index": 8304, "unique_id": "5b6d0913-25e4-43ab-839d-85d5516f78a4", "title": "The #1 Reason You\u2019re Not His Priority Anymore - Matthew Coast", "description": "#lovequotes #matchmaker #matchmadeinheaven #loveyourself #respectyourself", "follower_count": "51k", "tag_list": "Wise Quotes,Quotable Quotes,Words Quotes,Wise Words,Quotes To Live By,Great Quotes,Motivational Quotes,Inspirational Quotes,Funny Quotes", "is_image_or_video": "image", "image_src": "https://i.pinimg.com/originals/c6/64/ee/c664ee71524fb5a6e7b7b49233f93b43.png", "downloaded": 1, "save_location": "Local save in /data/quotes"}