{"category": "tattoos", "index": 8887, "unique_id": "5df9f6e5-07f5-4ce8-a82e-96586bbc05d8", "title": "25 Ultra Sexy Back Tattoo Ideas For Girls", "description": "Tattoos are one of the most efficient ways through which one decides to express themselves\u2026", "follower_count": "4k", "tag_list": "Dream Tattoos,Body Art Tattoos,New Tattoos,Small Tattoos,Cross Tattoos,Random Tattoos,Fashion Tattoos,Bird Tattoos,Fitness Tattoos", "is_image_or_video": "image", "image_src": "https://i.pinimg.com/originals/ab/8e/50/ab8e505b04d4abc8f23e273c15f8a65d.jpg", "downloaded": 1, "save_location": "Local save in /data/tattoos"}