{"category": "art", "index": 831, "unique_id": "5e65914d-9f58-4ff1-9676-658e426e8ce5", "title": "creating mixed-media faces tutorial", "description": "Free quick inspirational video on creating a mixed media face with acrylic, collage, stenciling and simple techniques. Come on over to watch", "follower_count": "27k", "tag_list": "Collage Kunst,Paper Collage Art,Collage Art Mixed Media,Mixed Media Painting,Mixed Media Canvas,Canvas Collage,Art Collages,Wall Canvas,Canvas Art", "is_image_or_video": "video", "image_src": "https://i.pinimg.com/videos/thumbnails/originals/05/86/a4/0586a4116e1fc34efc25e064ccd123e8.0000001.jpg", "downloaded": 1, "save_location": "Local save in /data/art"}