{"category": "event-planning", "index": 4862, "unique_id": "5f2e913e-df08-4020-a839-eefe676c1a09", "title": "How to Make a Romantic Summer Photo Backdrop (Photo Booth)", "description": "Make a Romantic Summer Photo Backdrop Photo Booth Create a simple Romantic Summer Photo Backdrop for a prom, wedding or party. You can put this photo booth together without nail\u2026\u00a0", "follower_count": "398k", "tag_list": "Prom Backdrops,Easter Backdrops,Backdrops For Parties,Diy Photo Backdrop,Flower Backdrop,Backdrop Ideas,Prom Photos,Wedding Photos,Prom Pictures", "is_image_or_video": "image", "image_src": "https://i.pinimg.com/originals/e1/aa/8e/e1aa8ef5b2bc7beb17c7699b0491ef33.jpg", "downloaded": 1, "save_location": "Local save in /data/event-planning"}