{"category": "travel", "index": 9475, "unique_id": "5f389774-c116-4b5d-bd81-763d1e729773", "title": "New Zealand North Island 7 Day Itinerary", "description": "One week may feel too short, but with this New Zealand North Island 7 Day Itinerary you can cover a lot of ground! Plus, read about where to stay, self-driving, flights, and more!", "follower_count": "1k", "tag_list": "Adventure Aesthetic,Travel Aesthetic,Best Places To Vacation,Places To See,North Island New Zealand,New Zealand Adventure,New Zealand Travel Guide,Bali,Beautiful Places To Travel", "is_image_or_video": "image", "image_src": "https://i.pinimg.com/originals/2e/0d/fc/2e0dfc4293e6d413d18d601248bbe041.jpg", "downloaded": 1, "save_location": "Local save in /data/travel"}