{"category": "christmas", "index": 1704, "unique_id": "5fbf9863-fb79-477c-a5b6-540c3020a55f", "title": "Christmas Trees From Pallet Wood | Holiday DIY", "description": "Christmas Trees From Pallet Wood | Holiday DIY: Deck the yard with some fun outdoor Christmas Trees! We made these merry and bright decorations from two old pallets we had lying\u2026\u00a0", "follower_count": "3M", "tag_list": "Pallet Wood Christmas Tree,Wooden Christmas Crafts,Diy Christmas Tree,Christmas Projects,Holiday Crafts,Wooden Xmas Trees,Different Christmas Trees,Pallet Tree,Christmas Kitchen", "is_image_or_video": "image", "image_src": "https://i.pinimg.com/originals/64/7b/ca/647bca35169b7c144604116c64bcba8a.png", "downloaded": 1, "save_location": "Local save in /data/christmas"}