{"category": "vehicles", "index": 10783, "unique_id": "5ff63a62-fca7-45e1-a6ca-2fea7566b7a4", "title": "Old Lifted Red and White Classic GMC Truck", "description": "Old Lifted Red and White Classic GMC Truck. Squarebody old GMC truck with modifications. Inspiration ideas for DYI restoration projects.#oldtruck #oldtrucks #classicgmctrucks #s\u2026\u00a0", "follower_count": "25k", "tag_list": "Best Pickup Truck,Classic Pickup Trucks,Old Pickup Trucks,Lifted Chevy Trucks,Jeep Pickup,Gm Trucks,Cool Trucks,Pickup Camper,Chevy Camaro", "is_image_or_video": "image", "image_src": "https://i.pinimg.com/originals/a6/4b/e0/a64be0bcc1c7172db8ec1661ee2107ee.jpg", "downloaded": 1, "save_location": "Local save in /data/vehicles"}