{"category": "home-decor", "index": 6063, "unique_id": "60693727-4927-4bd6-a8c5-096a392d63e6", "title": "41 Gorgeous Fall Decor Ideas For Your Home - Chaylor & Mads", "description": "Beautiful and easy ways to update every room in your home with fall decor. Plus, my favorite finds in fall decor for 2020!", "follower_count": "92k", "tag_list": "Fall Home Decor,Autumn Home,Fall Decor Outdoor,Front Porch Fall Decor,Home Decor Ideas,Porch Ideas For Fall,Fall Outdoor Decorating,Decorating Ideas For Fall,Fall Front Doors", "is_image_or_video": "image", "image_src": "https://i.pinimg.com/originals/e5/ae/dc/e5aedc14ce557e3a69f672e0f8c88f6e.png", "downloaded": 1, "save_location": "Local save in /data/home-decor"}