{"category": "art", "index": 428, "unique_id": "610b3f83-9fe0-469d-946c-d16b577fca71", "title": "Fashion Designer Isaac Mizrahi\u2019s Updated 1930s New York City Apartment", "description": "Fashion designer Issac Mizrahi\u2019s Greenwich Village home is an amalgamation of three apartments that was 20 years in the making", "follower_count": "3M", "tag_list": "Modern Art,Contemporary Art,Contemporary Kitchens,Contemporary Bedroom,New York City Apartment,Manhattan Apartment,Art Moderne,Architectural Digest,Painting Inspiration", "is_image_or_video": "image", "image_src": "https://i.pinimg.com/originals/f4/6c/54/f46c546a2e480022a42d842b7dca157e.jpg", "downloaded": 1, "save_location": "Local save in /data/art"}