{"category": "diy-and-crafts", "index": 2955, "unique_id": "612dfc38-2c04-4a46-9a86-27021dc5ca56", "title": "DIY Best Nativity Crafts", "description": "A round-up of many Nativity crafts that you can make with your kids or grandchildren. 35 wonderful ideas to hang on your tree or give as gifts.", "follower_count": "3k", "tag_list": "Kids Crafts,Preschool Christmas Crafts,Nativity Crafts,Christmas Activities,Christmas Projects,Holiday Crafts,Spring Crafts,Santa Crafts,Nativity Ornaments", "is_image_or_video": "image", "image_src": "https://i.pinimg.com/originals/e2/53/b1/e253b15420be1dd5c1adb00dbc86db19.jpg", "downloaded": 1, "save_location": "Local save in /data/diy-and-crafts"}