{"category": "beauty", "index": 1503, "unique_id": "615ab341-388b-486a-9bbd-b77491999b2c", "title": "DIY Beauty Tips \u2013 Simple Homemade Eye Makeup Remover", "description": "Every woman loves beauty tips and when those tips include cheap and easy to make products, it\u2019s all the better. You just need -1 cup distilled water -1/4 teaspoon Dr. Bronner\u2019s\u2026\u00a0", "follower_count": "746k", "tag_list": "Beauty Tips Easy,Health And Beauty Tips,Beauty Secrets,Beauty Hacks,Beauty Care,Hair Beauty,Diy Makeup Organizer,Make Up Organizer,Makeup Organization", "is_image_or_video": "image", "image_src": "https://i.pinimg.com/originals/35/a7/bc/35a7bcaf084d176612659c6fce815285.jpg", "downloaded": 1, "save_location": "Local save in /data/beauty"}