{"category": "education", "index": 3831, "unique_id": "61649785-f7d5-4548-b621-93a5a145f35f", "title": "Struggling Learners and Language Immersion Education : Research-Based, Practitioner-Informed Responses to Educators' Top Questions", "description": "This handbook provides dual language and immersion educators with rich information and practical resources that address common concerns with children who struggle with language,\u2026\u00a0", "follower_count": "2M", "tag_list": "Language Immersion,Spanish Immersion,Language Acquisition,Bilingual Education,Dual Language,Background Information,Research,Literacy,No Response", "is_image_or_video": "image", "image_src": "https://i.pinimg.com/originals/a7/e2/72/a7e272ef258aaf2a9abe99781edd1c6b.jpg", "downloaded": 1, "save_location": "Local save in /data/education"}