{"category": "tattoos", "index": 8926, "unique_id": "616654fa-ffeb-4a7a-be73-cc2eaa6c52a3", "title": "blue dragonfly on Tumblr", "description": "Find and follow posts tagged blue dragonfly on Tumblr", "follower_count": "6k", "tag_list": "Inner Forearm Tattoo,Small Wrist Tattoos,Forearm Tattoos,Body Art Tattoos,Hand Tattoos,Girl Tattoos,Tattoos For Guys,Tattoos For Women,Anklet Tattoos", "is_image_or_video": "image", "image_src": "https://i.pinimg.com/originals/92/73/0d/92730d6634e1852818b37aa6f04778fc.jpg", "downloaded": 1, "save_location": "Local save in /data/tattoos"}