{"category": "christmas", "index": 1814, "unique_id": "61b6cdd3-9f18-4fc7-802b-d47673d63390", "title": "46 Stunning Ways to Trim Your Christmas Tree", "description": "Whether coastal, snow-covered, or Charlie Brown-approved, these Christmas tree theme ideas are sure to make your home all the more merry. We'll help you find your true Christmas\u2026\u00a0", "follower_count": "4M", "tag_list": "Christmas Tree Pictures,Creative Christmas Trees,Christmas Tree Inspiration,Gold Christmas Decorations,Beautiful Christmas Trees,Holiday Decor,Christmas Tree Ideas,Candy Cane Christmas Tree,Flocked Christmas Trees Decorated", "is_image_or_video": "image", "image_src": "https://i.pinimg.com/originals/51/48/b9/5148b93cf5556fc65459f021dfc41860.jpg", "downloaded": 1, "save_location": "Local save in /data/christmas"}