{"category": "diy-and-crafts", "index": 3201, "unique_id": "6370f096-f344-49c3-a6b1-3072c537a953", "title": "DIY Pom Pom Letters for MOM!", "description": "Marla Meridith - DIY Pom Pom Letters for MOM!", "follower_count": "671k", "tag_list": "Kids Crafts,Crafts To Make,Craft Projects,Arts And Crafts,Craft Ideas,Pom Pom Crafts,Yarn Crafts,Flower Crafts,Diy Flower", "is_image_or_video": "image", "image_src": "https://i.pinimg.com/originals/db/c6/98/dbc69818c531e28ee514aaaec377257d.jpg", "downloaded": 1, "save_location": "Local save in /data/diy-and-crafts"}