{"category": "tattoos", "index": 8745, "unique_id": "644f7257-7d5d-41f7-a74a-34312c3050fe", "title": "Dope Tattoos", "description": "No description available", "follower_count": "41", "tag_list": "Dope Tattoos,Sun Tattoos,Family Tattoos,Pretty Tattoos,Unique Tattoos,Beautiful Tattoos,Body Art Tattoos,Small Tattoos,Beautiful Moon", "is_image_or_video": "image", "image_src": "https://i.pinimg.com/originals/61/96/0e/61960e96dd799bc4fade3c3104e9f6f3.jpg", "downloaded": 1, "save_location": "Local save in /data/tattoos"}