{"category": "diy-and-crafts", "index": 3008, "unique_id": "649ca299-a339-4136-a126-501515c93c8d", "title": "Upcycled Denim Rag Rug DIY Instructions", "description": "Turn those old jeans into practical rag rugs with just some scrap yarn and a little crochet know-how. I'll show you how to cut the jeans into strips and crochet them together to\u2026\u00a0", "follower_count": "100k", "tag_list": "Pot Mason Diy,Mason Jar Crafts,Bottle Crafts,Rag Rug Diy,Diy Crochet Rag Rug,Scrap Yarn Crochet,Diy Rugs,Crochet Rug Patterns,Free Crochet", "is_image_or_video": "video", "image_src": "https://i.pinimg.com/videos/thumbnails/originals/0b/10/af/0b10af74b987322a6f4384470bf4eaf0.0000001.jpg", "downloaded": 1, "save_location": "Local save in /data/diy-and-crafts"}