{"category": "education", "index": 4024, "unique_id": "662e0d01-4ee4-45db-9885-08dd5379baa8", "title": "IEP Tubs", "description": "Special education, IEP, IEP Tubs, classroom management, classroom ideas, centers, sped centers", "follower_count": "11k", "tag_list": "Teaching Special Education,Teaching Tools,Teacher Resources,Teaching Ideas,Art Education,Elementary Education,Resource Room Teacher,Special Education Quotes,Primary Education", "is_image_or_video": "image", "image_src": "https://i.pinimg.com/originals/09/ae/d8/09aed8c3e1a0d3910ae91010538b81d6.jpg", "downloaded": 1, "save_location": "Local save in /data/education"}