{"category": "mens-fashion", "index": 6844, "unique_id": "69c3f268-274f-44bd-9cb4-427e64fefc44", "title": "\u2654the-fashman\u2654", "description": "billy-george: \u201cSummer styles \u201d", "follower_count": "377", "tag_list": "Fashion Week Hommes,La Fashion Week,Fashion Moda,Urban Fashion,Trendy Fashion,Fashion Spring,Fashion 2017,New Mens Fashion,Trendy Clothing", "is_image_or_video": "image", "image_src": "https://i.pinimg.com/originals/3c/8c/53/3c8c534cd02334c50047bd3a4feccce9.jpg", "downloaded": 1, "save_location": "Local save in /data/mens-fashion"}