{"category": "vehicles", "index": 10509, "unique_id": "6a5f0e7e-1389-4e54-942f-4cb69f09f140", "title": "Flying Car", "description": "No description available Story format", "follower_count": "89k", "tag_list": "Electric Off Road Vehicle,Cool Illusions,Flying Vehicles,Wow Video,Art And Craft Videos,Top Luxury Cars,Chevy Muscle Cars,Street Racing Cars,Funny Videos Clean", "is_image_or_video": "multi-video(story page format)", "image_src": "https://i.pinimg.com/videos/thumbnails/originals/4a/d4/96/4ad4961606179854f1141a90f50f002c.0000001.jpg", "downloaded": 1, "save_location": "Local save in /data/vehicles"}