{"category": "home-decor", "index": 6566, "unique_id": "6d8848f8-f515-4935-8dae-5dd02304d76e", "title": "Navy and Neutral Fall Living Room + Kitchen Tour - Sand and Sisal", "description": "Celebrate fall with a neutral color palette with natural elements. This Navy and Neutral Fall Living Room + Kitchen Tour will make you rethink fall decor.", "follower_count": "178k", "tag_list": "Fall Living Room,Coastal Living Rooms,Living Room Paint,Living Room Kitchen,Living Room Interior,Living Room Furniture,Living Room Decor,Living Area,Small Living", "is_image_or_video": "image", "image_src": "https://i.pinimg.com/originals/f1/be/b6/f1beb6d3414f1c52929df39a83d8da9f.jpg", "downloaded": 1, "save_location": "Local save in /data/home-decor"}