{"category": "christmas", "index": 1864, "unique_id": "6f1951f0-63be-4c4f-8d21-e4995217f69e", "title": "120 Christmas Decorations from the Dollar Store", "description": "Love Christmas decorations but hate spending a lot bunch of money? Check out some of these budget DIY decorations you can easily make from the dollar store!", "follower_count": "42k", "tag_list": "Diy Snowman Decorations,Christmas Candle Decorations,Diy Christmas Ornaments,Christmas Ideas,Christmas Christmas,Snowman Ornaments,Christmas Diy Gifts,Vase Decorations,Diy Christmas Decorations For Home", "is_image_or_video": "image", "image_src": "https://i.pinimg.com/originals/30/85/21/3085215db77e55770202724268465490.jpg", "downloaded": 1, "save_location": "Local save in /data/christmas"}