{"category": "tattoos", "index": 8606, "unique_id": "71757040-bfc8-4631-9cac-22801e61d9e3", "title": "30+ Eagle Tattoos Ideas for Women", "description": "summcoco gives you inspiration for the women fashion trends you want. Thinking about a new look or lifestyle? This is your ultimate resource to get the hottest trends. 30+ Eagle\u2026\u00a0", "follower_count": "306k", "tag_list": "White Bird Tattoos,Rose Tattoos,Flower Tattoos,Tattoo Black,Bird And Flower Tattoo,Tattoo Floral,Mini Tattoos,Flower Art,Girls With Sleeve Tattoos", "is_image_or_video": "image", "image_src": "https://i.pinimg.com/originals/8d/c6/ed/8dc6ed0b212393187a14c7d07a88060f.png", "downloaded": 1, "save_location": "Local save in /data/tattoos"}