{"category": "home-decor", "index": 6380, "unique_id": "71f3e739-268c-4b3b-84b0-c20e1ab865a2", "title": "Most Beautiful Christmas Cottage Decor Ideas - Dagmar's Home", "description": "Christmas farmhouse and cottage decor ideas. #homedecor #homedecorideas #DIYhomedecor #farmhousestyle", "follower_count": "105k", "tag_list": "Farmhouse Kitchen Cabinets,Kitchen Redo,New Kitchen,Kitchen White,Rustic Cabinets,Farmhouse Kitchens,Kitchen Shelves,Wood Cabinets,Kitchen With Blue Walls", "is_image_or_video": "image", "image_src": "https://i.pinimg.com/originals/0b/8b/09/0b8b09823d0897347d8aad0d3193f997.jpg", "downloaded": 1, "save_location": "Local save in /data/home-decor"}