{"category": "christmas", "index": 2015, "unique_id": "72359164-4419-452c-81cb-74f30a5a26b7", "title": "16 Blissful Christmas Table Decor Ideas That You Must See", "description": "Take a look at this new collection of Christmas decor featuring 16 Blissful Christmas Table Decor Ideas That You Must See. Happy holidays!", "follower_count": "616k", "tag_list": "Kids Crafts,Christmas Crafts For Kids,Homemade Christmas,Christmas Projects,Holiday Crafts,Christmas Gift Ideas,Preschool Christmas,Tree Crafts,Christmas Inspiration", "is_image_or_video": "image", "image_src": "https://i.pinimg.com/originals/5f/70/30/5f7030a35bb8a1491e915fb0ae29bcf5.jpg", "downloaded": 1, "save_location": "Local save in /data/christmas"}