{"category": "beauty", "index": 1487, "unique_id": "7308c3c0-05d5-4e05-995a-707be6922513", "title": "DIY Green Tea Overnight Face Mask for Glowing Skin", "description": "Get glowing skin while you sleep with this DIY overnight face mask! Inspired by Korean skin care, this green tea sleeping pack recipe helps to moisturize and repair dry skin ove\u2026\u00a0", "follower_count": "36k", "tag_list": "Homemade Skin Care,Homemade Beauty Products,Diy Skin Care,Homemade Beauty Recipes,Lush Products,Homemade Facials,Natural Beauty Tips,Natural Skin Care,Diy Natural Beauty Routine", "is_image_or_video": "image", "image_src": "https://i.pinimg.com/originals/c6/52/54/c65254f766953fe591f351abcc0d0c9c.jpg", "downloaded": 1, "save_location": "Local save in /data/beauty"}