{"category": "diy-and-crafts", "index": 2698, "unique_id": "73f16302-4871-486a-8836-947530526337", "title": "DIY Dollar Tree Valentine's Day Wreath", "description": "DIY Dollar Store Valentine\u2019s Day Heart Wreath Decoration. There are so many great Valentine crafts at the Dollar Tree right now! During our last trip, we picked up a few supplie\u2026\u00a0", "follower_count": "9k", "tag_list": "Valentine Day Wreaths,Valentines Day Hearts,Valentines Day Decorations,Valentine Day Crafts,Holiday Crafts,Diy Christmas,Christmas Wreaths,Valentine Tree,Printable Valentine", "is_image_or_video": "image", "image_src": "https://i.pinimg.com/originals/dc/f6/8a/dcf68adcc63c339c24fa5664f1115994.png", "downloaded": 1, "save_location": "Local save in /data/diy-and-crafts"}