{"category": "vehicles", "index": 10370, "unique_id": "746948e7-a216-456b-8de7-7fee7312012c", "title": "Joshua Tree - A Weekend in the Desert with Faithfull | Song of Style", "description": "Aimee Song of the blog Song of Style shares a photo diary of her weekend in the Joshua Tree desert with Faithfull the Brand. Photos by Grant Legan.", "follower_count": "1k", "tag_list": "Pretty Cars,Cute Cars,Classy Cars,Sexy Cars,Dream Cars,My Dream Car,Carros Retro,Ford Classic Cars,Ford Mustang Classic", "is_image_or_video": "image", "image_src": "https://i.pinimg.com/originals/11/1e/c3/111ec37eed198cb432f71b20afd0e770.jpg", "downloaded": 1, "save_location": "Local save in /data/vehicles"}