{"category": "education", "index": 3716, "unique_id": "74f878f3-6f1b-4b41-8e71-67a68a0ae76a", "title": "Engaging Secondary Students with Crime Stories \u2014 Bespoke ELA:  Essay Writing Tips + Lesson Plans", "description": "Here, you will find four projects that involve crime as a means of targeting essential skills for reading and writing. These projects are sure to capture student interest and en\u2026\u00a0", "follower_count": "10k", "tag_list": "Middle School Reading,Middle School English,Middle School Teachers,Ela Classroom,English Classroom,English Teachers,8th Grade Ela,Mystery,Teaching Reading", "is_image_or_video": "image", "image_src": "https://i.pinimg.com/originals/78/5e/2a/785e2afc1f0ca538109b1eb6b517076b.jpg", "downloaded": 1, "save_location": "Local save in /data/education"}