{"category": "finance", "index": 5737, "unique_id": "75093ab0-82c7-47cb-81e2-0c5c323db9a3", "title": "Living Paycheck to Paycheck: 9 Genius Ways To Stop It Forever", "description": "Tired of living paycheck to paycheck? | The Practical Saver | Learn how to STOP living paycheck to paycheck. 9 Easy ways to get out of this cycle for good. Best save money tips\u2026\u00a0", "follower_count": "60k", "tag_list": "Saving Money Quotes,Money Saving Challenge,Money Saving Tips,Budgeting Finances,Budgeting Tips,Budget Planer,Save Money On Groceries,Groceries Budget,Money Budget", "is_image_or_video": "image", "image_src": "https://i.pinimg.com/originals/ae/d5/76/aed576563c3cae6bfb1387533816faec.png", "downloaded": 1, "save_location": "Local save in /data/finance"}