{"category": "beauty", "index": 1335, "unique_id": "758cf11d-280e-4dc2-bf1a-42c1a183b780", "title": "Rihanna's Fenty Beauty Products Drop Today \u2014 & We Tried Them First", "description": "Rihanna walked us through the line \u2014 and it\u2019s better than you imagined.", "follower_count": "1M", "tag_list": "Make Up Kits,Beauty Make-up,Beauty Hacks,Natural Beauty,Beauty Tips,Black Beauty,Natural Makeup,Fashion Beauty,Hair Beauty", "is_image_or_video": "image", "image_src": "https://i.pinimg.com/originals/0a/77/74/0a7774089fe7bd8f7951f829a8e897a3.jpg", "downloaded": 1, "save_location": "Local save in /data/beauty"}