{"category": "travel", "index": 10168, "unique_id": "75b8bac1-4aa3-44c3-a310-9faddf4dc576", "title": "dream destination", "description": "No description available Story format", "follower_count": "189", "tag_list": "Beautiful Places To Travel,Cool Places To Visit,Places To Go,Romantic Travel,Romantic Vacations,Vacation Places,Dream Vacations,Honeymoon Places,Dream Vacation Spots", "is_image_or_video": "multi-video(story page format)", "image_src": "https://i.pinimg.com/videos/thumbnails/originals/ab/ba/81/abba81b921f0efc48704f93f5972b29d.0000001.jpg", "downloaded": 1, "save_location": "Local save in /data/travel"}