{"category": "finance", "index": 5704, "unique_id": "7752d0e1-328d-41c7-bc6a-7d58a48b16f5", "title": "This Chart Tells You How Basic Investment Accounts are Taxed", "description": "Investing isn\u2019t nearly as intimidating as it seems. But all of the tax rules for different investing accounts can be overwhelming. The folks at Bankrate break down the basics in\u2026\u00a0", "follower_count": "141k", "tag_list": "Investing For Retirement,Investing Money,Saving Money,Retirement Planning,Saving Tips,Retirement Strategies,Planning Budget,Financial Planning,Financial Assistance", "is_image_or_video": "image", "image_src": "https://i.pinimg.com/originals/61/11/ca/6111ca8a6c6edbad62aaeb14034e9f73.gif", "downloaded": 1, "save_location": "Local save in /data/finance"}