{"category": "travel", "index": 9875, "unique_id": "782dcbad-ff91-40a6-ba60-216efe29adb7", "title": "European Bucket List: 35 Things NOT To Miss When Traveling Europe", "description": "35 European bucket list destinations for any traveler heading to Europe. From Cinque Terre, Italy to Iceland - there are so many amazing sites to see in Europe.", "follower_count": "28k", "tag_list": "Backpacking Europe,Europe Travel Guide,Travel Guides,Travel Packing,Traveling Europe,Travelling,Travel Backpack,Budget Travel,2 Week Europe Itinerary", "is_image_or_video": "image", "image_src": "https://i.pinimg.com/originals/71/04/1a/71041ad83ede43d9665741e719c58a86.jpg", "downloaded": 1, "save_location": "Local save in /data/travel"}