{"category": "quotes", "index": 7745, "unique_id": "78b4b057-bb1c-4799-8df3-8950a533e656", "title": "30 Quotes For When You Want To Say A Big \u201cF-YOU\u201d To Your Scumbag Ex", "description": "There is nothing more satisfying than saying \"screw you\" to the one who broke your heart. These break up quotes will help save your sorry, hurting soul from the heartbreak.", "follower_count": "942k", "tag_list": "Witty Quotes Humor,Bitchyness Quotes,Bitch Quotes,Sassy Quotes,Mood Quotes,True Quotes,Positive Quotes,Motivational Quotes,Funny Quotes", "is_image_or_video": "image", "image_src": "https://i.pinimg.com/originals/f7/81/e5/f781e5d85249ee72b6d089a8ac8fd303.jpg", "downloaded": 1, "save_location": "Local save in /data/quotes"}