{"category": "art", "index": 603, "unique_id": "78e21a64-53b0-4745-8294-e8c456f0ccc1", "title": "How to Create Alcohol Ink Rings For Gorgeous Pieces of Art -", "description": "Learn to create alcohol ink rings for gorgeous pieces of art. Each ring sits on top of another, giving a multilayered appearance", "follower_count": "7k", "tag_list": "Alcohol Ink Tiles,Alcohol Ink Glass,Alcohol Ink Crafts,Alcohol Ink Painting,Pour Painting,Zealand Tattoo,Copics,Types Of Art,Art Techniques", "is_image_or_video": "image", "image_src": "https://i.pinimg.com/originals/03/03/1f/03031fdc9775d0c06f61d68e51362379.png", "downloaded": 1, "save_location": "Local save in /data/art"}