{"category": "event-planning", "index": 4377, "unique_id": "7acb552d-f7a5-4e8c-ad90-8d7ac10faeff", "title": "5 Items to Include in Your Event Planning Proposal - Event Planning Templates Shop", "description": "A major part of running an event planning business is being able to write a proposal that will catch the client\u2019s eye and get you the booked.", "follower_count": "1k", "tag_list": "Event Proposal Template,Event Planning Template,Event Planning Tips,Event Planning Business,Business Events,Corporate Events,Party Planning,Business Proposal,Business Goals", "is_image_or_video": "image", "image_src": "https://i.pinimg.com/originals/16/09/a9/1609a941d36e7caaedacadf1abc279ba.jpg", "downloaded": 1, "save_location": "Local save in /data/event-planning"}