{"category": "quotes", "index": 7850, "unique_id": "7b901b10-bc4d-42b2-bbaf-dafc36868550", "title": "SIMPLE AND TO THE POINT - NO MORE SHRINKING", "description": "It's taken me 50 years to realize that I don't have to make myself small and quiet - or to conform to what I think others want from me. I can be \"me\"", "follower_count": "15k", "tag_list": "Needy Quotes,Giver Quotes,Real Quotes,Fact Quotes,Words Quotes,Sayings,People Quotes,Poetry Quotes,Quotes Quotes", "is_image_or_video": "image", "image_src": "https://i.pinimg.com/originals/43/f3/a9/43f3a9f05fff2e01b3bd0f8d51dc2779.jpg", "downloaded": 1, "save_location": "Local save in /data/quotes"}