{"category": "beauty", "index": 1422, "unique_id": "7bbe860c-a739-4ba9-babd-feb24bb6e4d9", "title": "41 Life-Saving Beauty Hacks Every Girl Should Have In Her Arsenal", "description": "Might try this... I'm generally skeptical about at-home remedies, but I know baking soda and lemons both do wonders. More", "follower_count": "5M", "tag_list": "Baking Soda Lemon Juice,Diy Beaut\u00e9,Tips Belleza,Belleza Natural,Health And Beauty Tips,Beauty Secrets,Beauty Advice,Diy Beauty Tips,Beauty Life Hacks", "is_image_or_video": "image", "image_src": "https://i.pinimg.com/originals/c8/ab/af/c8abaffc56050f674eef8e65ad684929.jpg", "downloaded": 1, "save_location": "Local save in /data/beauty"}