{"category": "travel", "index": 9527, "unique_id": "7c1f0f6b-2098-4145-9aed-0eece1d7c029", "title": "Solo Female Traveller Fears + How to Overcome Them - One World Wanderer", "description": "These common solo travel fears are not something you are going through alone- here are a some of the common fears you can face as a solo female traveler. #solotravel #solofemale\u2026\u00a0", "follower_count": "1k", "tag_list": "Solo Travel Tips,Travel Advice,Travel Guides,Travel Hacks,Travel Info,Budget Travel,Amazing Destinations,Travel Destinations,Voyager Seul", "is_image_or_video": "image", "image_src": "https://i.pinimg.com/originals/13/cf/d9/13cfd91ebe35cea166268c76bcdeff75.jpg", "downloaded": 1, "save_location": "Local save in /data/travel"}