{"category": "christmas", "index": 2315, "unique_id": "7d7ba0ab-aed6-4354-82c0-303dc6553b0e", "title": "Rudolf Christmas Craft: DIY Craft for Kids", "description": "Rudolf Christmas Craft: Easy DIY Christmas Decoration ideas. #christmasdecor #christmasdecorations #diydecorations #rudolf #christmasgifts #christmascrafts #kidscrafts #kidscraf\u2026\u00a0", "follower_count": "56k", "tag_list": "Christmas Decorations For Kids,Winter Crafts For Kids,Diy Christmas Ornaments,Homemade Christmas,Holiday Crafts,Christmas Christmas,Reindeer Ornaments,Rudolph Christmas,Christmas Goodies", "is_image_or_video": "image", "image_src": "https://i.pinimg.com/originals/a5/41/bd/a541bd44fa7b9bfe5e5331c9bae91532.jpg", "downloaded": 1, "save_location": "Local save in /data/christmas"}