{"category": "quotes", "index": 8300, "unique_id": "7ddd23cf-68a5-4b5a-a800-1d985cbc69b4", "title": "The Maker's Map - Quotes and Sayings that inspire", "description": "Quotes and Sayings that inspire, motivate, encourage women. Quotes to use on social media. Content ideas for bloggers.", "follower_count": "19k", "tag_list": "Positive Quotes For Life Encouragement,Positive Quotes For Life Happiness,Good Happy Quotes,Quotes Positive,Being Happy Quotes,Happy Sayings,Happy Life Quotes To Live By,Self Happiness Quotes,Positive Thoughts Quotes", "is_image_or_video": "image", "image_src": "https://i.pinimg.com/originals/e9/83/44/e983446f2c08cc6da883b9d777f3369f.jpg", "downloaded": 1, "save_location": "Local save in /data/quotes"}