{"category": "home-decor", "index": 6341, "unique_id": "7ead985f-6818-475d-a1d2-87e5f5a9aab5", "title": "How to Build Simple and Inexpensive Decorative Shutters", "description": "DIY home decor project that is perfect for a beginner woodworker. These farmhouse style decorative shutters only require a few simple materials and come together quickly. #easyd\u2026\u00a0", "follower_count": "41k", "tag_list": "Diy Home Decor Projects,Easy Home Decor,Handmade Home Decor,Decor Ideas,Decorating Ideas,Wall Ideas,Wood Projects,Nook Ideas,Decorating Kitchen", "is_image_or_video": "image", "image_src": "https://i.pinimg.com/originals/83/15/c2/8315c252f3d34377097295c731337839.jpg", "downloaded": 1, "save_location": "Local save in /data/home-decor"}