{"category": "mens-fashion", "index": 7116, "unique_id": "7eecd591-39d4-451b-bb13-1d8ee1ec3d04", "title": "style guy", "description": "Fashion is what you and I buy, but style is self-expression and how we live. I'm a style lover, so let's blog about it.", "follower_count": "3k", "tag_list": "White Shirt Outfits,White Shirt Men,Outfit Jeans,White Shirts,Purple Pants Outfit,Mode Masculine,Outfit Pantalon Vino,Burgundy Chinos,Burgundy Pants Men", "is_image_or_video": "image", "image_src": "https://i.pinimg.com/originals/38/b1/8f/38b18f19d487f4e99f588ec50be15693.jpg", "downloaded": 1, "save_location": "Local save in /data/mens-fashion"}