{"category": "mens-fashion", "index": 7180, "unique_id": "80985dd8-10f9-4206-9860-ea9eac2602c9", "title": "youngsophisticatedluxury", "description": "Sophisticated Luxury Blog:. (youngsophisticatedluxury.tumblr.com", "follower_count": "831", "tag_list": "Outfits Casual,Mode Outfits,Casual Wear,Sharp Dressed Man,Well Dressed Men,Fashion Moda,Mens Fashion,Mode Man,New Fashion Trends", "is_image_or_video": "image", "image_src": "https://i.pinimg.com/originals/5f/25/a8/5f25a8c0614ff1bd0a155adc40e0d525.jpg", "downloaded": 1, "save_location": "Local save in /data/mens-fashion"}