{"category": "education", "index": 3945, "unique_id": "80b585d0-105c-4841-9759-0d5b8e067674", "title": "Wooden Hand Grab Board Set Educational Toys & Puzzles - White", "description": "Made of quality wooden material, it is smooth and durable and non-odor. Cute and colorful design, each carefully constructed piece matches up to coordinating shape on the board.\u2026\u00a0", "follower_count": "1k", "tag_list": "N,o, ,T,a,g,s, ,A,v,a,i,l,a,b,l,e", "is_image_or_video": "image", "image_src": "https://i.pinimg.com/originals/37/22/63/3722631f8b5840a2bc1f2ed1040fd04d.jpg", "downloaded": 1, "save_location": "Local save in /data/education"}