{"category": "art", "index": 859, "unique_id": "80fe5ff8-1429-434b-8020-53122d1c6e1a", "title": "40 id\u00e9es et + de d\u00e9corations \u00e0 r\u00e9aliser avec de simples pierres", "description": "La quarantaine est le moment parfait pour s'adonner \u00e0 l'artisanat en famille!", "follower_count": "3k", "tag_list": "Painted Rock Animals,Painted Rocks Craft,Hand Painted Rocks,Painted Pebbles,Painted Stones,Paint On Rocks,Rock Painting Patterns,Rock Painting Ideas Easy,Rock Painting Designs", "is_image_or_video": "image", "image_src": "https://i.pinimg.com/originals/53/c7/a4/53c7a427778fe8a0f0db45b0275f3041.jpg", "downloaded": 1, "save_location": "Local save in /data/art"}