{"category": "finance", "index": 5130, "unique_id": "82578274-6d14-4c0c-a755-aee515556bdc", "title": "How Much Money You Will Need to Make How Much Money You Will Need to Make $1,000 in Dividends,000 in Dividends | Young Adult Money", "description": "Passive income is a great goal, and nothing is more passive than dividends from stocks. Here's how much money you will need to make $1,000 a year in dividends.", "follower_count": "9k", "tag_list": "Financial Tips,Financial Literacy,Financial Planning,Stock Ticker,High Interest Savings Account,Dividend Investing,Energy Saving Tips,Dow Jones Industrial Average,Dividend Stocks", "is_image_or_video": "image", "image_src": "https://i.pinimg.com/originals/fa/88/3f/fa883f38e875a08d90f8b37ad46acbd1.png", "downloaded": 1, "save_location": "Local save in /data/finance"}