{"category": "home-decor", "index": 6145, "unique_id": "82e13a07-db99-43a3-b1c0-89a4b75821da", "title": "HOLIDAY MANTLE DECOR - @AMAZON & @TARGET FINDS", "description": "Holiday mantle decor, Christmas decor, metallic mercury glass style Christmas trees, eucalyptus vine, evergreen pine branches, white neutral holiday decor, cozy mantle for the h\u2026\u00a0", "follower_count": "83k", "tag_list": "Winter Home Decor,Christmas Living Room Decor,Living Room Decor Cozy,Christmas Decor,Cozy Fireplace,Rustic Fireplace Decor,Fireplace Decorations,Rustic Room,House Decorations", "is_image_or_video": "image", "image_src": "https://i.pinimg.com/originals/9d/82/1a/9d821a80acd8f90c16454e978bd9b115.jpg", "downloaded": 1, "save_location": "Local save in /data/home-decor"}