{"category": "quotes", "index": 7905, "unique_id": "8307e007-7168-4719-b1b4-1193ce98d64e", "title": "Super-Sweet  and Short Love  Quotes  for All the Romantics  ...", "description": "Coco Chanel \u2022 Winnie the Pooh \u2022 It's True \u2022 Turn Back the Clock \u2022 The Smile You Gave Me \u2022 More ...", "follower_count": "18k", "tag_list": "Good Life Quotes,Quotes For Him,Great Quotes,Quotes To Live By,Funny Quotes,Inspirational Quotes,Be Mine Quotes,Miss You Already Quotes,Sweet Quotes For Her", "is_image_or_video": "image", "image_src": "https://i.pinimg.com/originals/93/5a/5d/935a5dfc1178216595149c15bee4ce80.jpg", "downloaded": 1, "save_location": "Local save in /data/quotes"}