{"category": "art", "index": 159, "unique_id": "841a161a-47b8-4161-884d-adeb67a28b1e", "title": "Valentine's Day Bee Directed Drawing {Art Project}", "description": "This bee directed drawing and associated pages will help you create a fun and creative Valentine's Day Directed Drawing Art Project activity for your class.Choose to do a painti\u2026\u00a0", "follower_count": "1M", "tag_list": "Classroom Art Projects,School Art Projects,Art Classroom,Art Projects For Kindergarteners,Spring Art Projects,Classroom Posters,Valentines Art Lessons,Valentines Day Activities,Grade 1 Art", "is_image_or_video": "image", "image_src": "https://i.pinimg.com/originals/49/ff/2e/49ff2e83c0cefdd37213f6084c6f0566.jpg", "downloaded": 1, "save_location": "Local save in /data/art"}