{"category": "travel", "index": 9734, "unique_id": "85319793-4821-499f-90a7-e66517e8c8af", "title": "The Ultimate Guide to Santorini, Greece - Bon Traveler", "description": "If there's one island I can never get enough of, it's certainly Santorini. This ultimate guide to Santorini, Greece is just a taste of incredibly beautiful this place is. There'\u2026\u00a0", "follower_count": "24k", "tag_list": "Aloita Resort,Travel Photographie,Santorini Greece,Santorini Travel,Crete Greece,Athens Greece,Beautiful Places To Travel,Travel Goals,Travel Tips", "is_image_or_video": "image", "image_src": "https://i.pinimg.com/originals/1a/86/c0/1a86c03f51624f6f105ad8672613d2a6.png", "downloaded": 1, "save_location": "Local save in /data/travel"}