{"category": "vehicles", "index": 10837, "unique_id": "8561ed44-7e63-471b-90a5-b6e568ae7e0b", "title": "Dave's Way", "description": "If you're not having fun, do something else. Ventura, CA - hot rods, classic sportscars, science fiction, bicycles, motorcycles, boats, architecture, photography. I personally l\u2026\u00a0", "follower_count": "196", "tag_list": "Bmw Isetta,Fiat 126,Automobile,Old Vintage Cars,Microcar,Bizarre,Weird Cars,Cute Cars,Unique Cars", "is_image_or_video": "image", "image_src": "https://i.pinimg.com/originals/17/ef/2d/17ef2d989eeafc043d5cea9f46e5d6db.jpg", "downloaded": 1, "save_location": "Local save in /data/vehicles"}