{"category": "art", "index": 223, "unique_id": "8672f996-6ce9-403e-9599-2c4df668f1e0", "title": "Easy Gouache painting", "description": "No description available Story format", "follower_count": "29k", "tag_list": "Simple Canvas Paintings,Easy Nature Paintings,Tree Paintings,Cool Paintings,Watercolor Art Lessons,Watercolor Paintings For Beginners,Gouache Painting,Painting Art,Mandala Art Lesson", "is_image_or_video": "multi-video(story page format)", "image_src": "https://i.pinimg.com/videos/thumbnails/originals/17/49/16/1749164b93866d4eac32a52a3ccfd40a.0000001.jpg", "downloaded": 1, "save_location": "Local save in /data/art"}