{"category": "christmas", "index": 2074, "unique_id": "86ed09a7-842d-496d-9501-010c654eb340", "title": "35 Christmas Decorating Ideas We Bet You Haven't Thought Of", "description": "20 Christmas Decorating Ideas We Bet You Haven't Thought Of via @PureWow", "follower_count": "868k", "tag_list": "Holiday Centerpieces,Xmas Decorations,Centerpiece Ideas,Table Centerpieces,Valentine Decorations,Wedding Centerpieces,Outdoor Decorations,Christmas Centerpieces With Candles,Christmas Dining Table Decorations", "is_image_or_video": "image", "image_src": "https://i.pinimg.com/originals/e9/b9/f0/e9b9f01cc3b2cf41948b45854335396c.jpg", "downloaded": 1, "save_location": "Local save in /data/christmas"}