{"category": "finance", "index": 5724, "unique_id": "8894cc9a-7a25-4773-b2bb-f60a6424d490", "title": "8 Money Related Posts that Make Sense", "description": "8 Money Related Posts that Make Sense - my top money posts all in one spot!", "follower_count": "397k", "tag_list": "Ways To Save Money,Money Saving Tips,Money Tips,Managing Money,Budgeting Finances,Budgeting Tips,Diy Spring,Setting Up A Budget,Mo Money", "is_image_or_video": "image", "image_src": "https://i.pinimg.com/originals/7c/86/69/7c866937c5aec057542cbaa2ac691b16.png", "downloaded": 1, "save_location": "Local save in /data/finance"}