{"category": "art", "index": 680, "unique_id": "898e3977-a49e-453c-94a1-689aedfee0ca", "title": "The Supplies are in Charge of the Play! - Carolyn Dube", "description": "Ever wonder if the things around your art studio come to life when you aren\u2019t there \u2013 like in Toy Story? I am beginning to think that they really do. This cluster of stuff all s\u2026\u00a0", "follower_count": "40k", "tag_list": "Art Journal Pages,Art Journal Challenge,Art Journal Backgrounds,Art Journal Prompts,Art Journal Techniques,Journal Ideas,Art Journals,Visual Journals,Art Pages", "is_image_or_video": "image", "image_src": "https://i.pinimg.com/originals/75/e5/cf/75e5cf9d6be96f10a87cd5f201de477b.jpg", "downloaded": 1, "save_location": "Local save in /data/art"}