{"category": "vehicles", "index": 10371, "unique_id": "8af04cdf-818b-4748-b0e0-83d002260581", "title": "Car Photos", "description": "1930 Duesenberg Model J Convertible Sedan by Murphy 2015 Auburn-Cord-Duesenberg Automotive Museum", "follower_count": "5k", "tag_list": "Classy Cars,Sexy Cars,Duesenberg Car,Vintage Cars,Antique Cars,Ford Mustang Car,Ford Mustangs,Automobile,Old Classic Cars", "is_image_or_video": "image", "image_src": "https://i.pinimg.com/originals/f6/c2/42/f6c2421e227a29cea0ff110335cac415.jpg", "downloaded": 1, "save_location": "Local save in /data/vehicles"}