{"category": "beauty", "index": 1139, "unique_id": "8c4606b6-b9fe-4f15-ac51-f0654c359a46", "title": "Make-Up-Quickie: Fenty Beauty endlich in der Schweiz!", "description": "Rihanna's viel-gehypte Make-Up-Linie Fenty Beauty ist endlich auch in der Schweiz erh\u00e4ltlich, thanks to Sephora. Wir tauchen gleich in die Kollektion ein!", "follower_count": "7k", "tag_list": "Beauty Care,Diy Beauty,Beauty Skin,Health And Beauty,Homemade Beauty,Healthy Beauty,Beauty Ideas,Face Beauty,Sephora", "is_image_or_video": "image", "image_src": "https://i.pinimg.com/originals/01/62/bd/0162bd977635d9fe3bf54a6275f44890.jpg", "downloaded": 1, "save_location": "Local save in /data/beauty"}