{"category": "tattoos", "index": 8886, "unique_id": "8d303604-1809-49b6-8274-392dc43ac6a0", "title": "25 Mental Health Tattoos Ideas & Symbols For Awareness", "description": "Mental health tattoos offer sufferers a way to express their deeply personal struggles with depression. Get ideas for mental & depression health tattoos.", "follower_count": "8M", "tag_list": "Finger Tattoo For Women,Meaningful Tattoos For Women,Tattoos For Women Small,Little Tattoos,Mini Tattoos,Love Tattoos,Knuckle Tattoos,Finger Tattoos,Tatoo", "is_image_or_video": "image", "image_src": "https://i.pinimg.com/originals/4d/2c/3d/4d2c3d22d37a4d0906eb243615ca51a6.jpg", "downloaded": 1, "save_location": "Local save in /data/tattoos"}