{"category": "diy-and-crafts", "index": 3011, "unique_id": "8d5339e6-ba89-412a-bc61-4d5205fe32f8", "title": "Kids paper plate string art for every holiday - My Silly Squirts", "description": "Kid's String Art Craft for Every Holiday", "follower_count": "63k", "tag_list": "Kids Crafts,Preschool Crafts,Easter Crafts,Projects For Kids,Craft Projects,Craft Ideas,Paper Plate Crafts For Kids,Preschool Christmas,Christmas Crafts", "is_image_or_video": "image", "image_src": "https://i.pinimg.com/originals/bd/86/74/bd867450a3588b0ce1712f83fb5a58a4.jpg", "downloaded": 1, "save_location": "Local save in /data/diy-and-crafts"}