{"category": "tattoos", "index": 9093, "unique_id": "8e478adb-0e3f-4045-83ce-79f155a63722", "title": "51 Unique Minimalist Tattoos Designs For Women", "description": "\"Minimalist Tattoos\" Discover how less is more with the best minimalist tattoo designs for women. Explore cool conservative simplicity with super simple ink ideas. See more idea\u2026\u00a0", "follower_count": "54k", "tag_list": "Small Tattoos Men,Tatoos Men,Cool Tattoos For Guys,Cool Tatoos For Women,Cool Simple Tattoos,Unique Tattoos,Diy Tattoo,Tattoo Fonts,Tattoo Quotes", "is_image_or_video": "image", "image_src": "https://i.pinimg.com/originals/c2/82/7d/c2827d11633b11c11a3da17b024264b0.jpg", "downloaded": 1, "save_location": "Local save in /data/tattoos"}