{"category": "mens-fashion", "index": 6976, "unique_id": "8eb1ec9d-cc81-4d33-85f0-4bb18f0c542c", "title": "Style Archives | Primer", "description": "Over 200 ideas for transitioning to autumn.", "follower_count": "59k", "tag_list": "Rugged Style,Style Brut,Men's Style,Country Style,Latest Summer Fashion,Trendy Fashion,Fashion Hats,Fashion Ideas,Edgy Mens Fashion", "is_image_or_video": "image", "image_src": "https://i.pinimg.com/originals/59/b4/93/59b493aef4d96ba76288bf005c534ba9.jpg", "downloaded": 1, "save_location": "Local save in /data/mens-fashion"}