{"category": "beauty", "index": 1631, "unique_id": "8f6eb7cc-1973-4500-a6a3-8d43598a500d", "title": "2014 Modas\u0131 Sar\u0131 Sa\u00e7 Renkleri ve Modelleri", "description": "Bir \u00e7ok kad\u0131n\u0131n hayallerini s\u00fcsleyen sar\u0131 sa\u00e7 renkleri bilinenin aksine herkese yak\u0131\u015f\u0131r. \u00d6nemli olan size yak\u0131\u015fan en do\u011fru tonu bulabilmeniz. www.yenisacmodelleri.com/2014-modas\u2026\u00a0", "follower_count": "746", "tag_list": "Beaut\u00e9 Blonde,Gold Blonde,Medium Blonde,Blonde Model,Corte Y Color,Great Hair,Hair Dos,Gorgeous Hair,Gorgeous Eyes", "is_image_or_video": "image", "image_src": "https://i.pinimg.com/originals/53/80/72/53807238a28ef99daa3500a68f27d335.jpg", "downloaded": 1, "save_location": "Local save in /data/beauty"}