{"category": "event-planning", "index": 4508, "unique_id": "9064f4a2-2753-476c-815e-db360f45a93e", "title": "Custom Event and Shop Neon Sign Lights - Event & Shop", "description": "Personalize your event or shop with a customized neon sign. Make a statement with your own custom vibes! This light is 32 -40 inches (80cm-100cm) if you need something bigger, p\u2026\u00a0", "follower_count": "111", "tag_list": "Our Wedding,Wedding Venues,Dream Wedding,Wedding Cakes,Church Wedding,Wedding Flowers,Lace Wedding,Wedding Rings,Wedding Dresses", "is_image_or_video": "image", "image_src": "https://i.pinimg.com/originals/e9/c0/7c/e9c07cf0cf16cab23764a36718ab76c1.jpg", "downloaded": 1, "save_location": "Local save in /data/event-planning"}