{"category": "education", "index": 4256, "unique_id": "9086bb60-9fce-46d1-9006-f05a494a05ce", "title": "A Critical Study of Current Concepts of Truth in American Educational Theory and Their Educational Implications (Paperback)", "description": "A Critical Study of Current Concepts of Truth in American Educational Theory and Their Educational Implications", "follower_count": "2M", "tag_list": "N,o, ,T,a,g,s, ,A,v,a,i,l,a,b,l,e", "is_image_or_video": "image", "image_src": "https://i.pinimg.com/originals/d4/59/ee/d459eed424eed9acdbfa8be2634f05e9.jpg", "downloaded": 1, "save_location": "Local save in /data/education"}