{"category": "finance", "index": 5468, "unique_id": "91ee49f6-0070-4270-ba19-fde88ba51c91", "title": "Budgets, Spouses & Making It Work! - Tshanina Peterson", "description": "Don't fight about budgets and money with your spouse! Here are a few tips that we've found that make it work in our marriage!", "follower_count": "313", "tag_list": "Ways To Save Money,Money Tips,Money Saving Tips,How To Make Money,Managing Money,Saving Time,College Fund,Scholarships For College,Education College", "is_image_or_video": "image", "image_src": "https://i.pinimg.com/originals/37/d5/82/37d58296bcef3471a633c76b89d8625e.jpg", "downloaded": 1, "save_location": "Local save in /data/finance"}