{"category": "art", "index": 409, "unique_id": "91ef37ce-70ab-40c9-877e-871656fe18e7", "title": "Monster Art Project", "description": "Everyone loves a funny monster! Draw and paint these whimsical cuties today - perfect for Halloween!", "follower_count": "51k", "tag_list": "Classroom Art Projects,School Art Projects,Art Classroom,Halloween Art Projects,Monster Drawing,Monster Art,Love Monster,Drawing For Kids,Art For Kids", "is_image_or_video": "image", "image_src": "https://i.pinimg.com/originals/8d/be/c1/8dbec1c30cdaf63de987b188d55e0366.jpg", "downloaded": 1, "save_location": "Local save in /data/art"}