{"category": "home-decor", "index": 6250, "unique_id": "91fa9a65-e54d-4536-ad9c-4406a535be28", "title": "15 espaces de travail mignons comme tout - Joli Joli Design", "description": "Ces 15 espaces de travail mignons comme tout pourront vous inspirer pour bien am\u00e9nager le v\u00f4tre selon vos go\u00fbts! Un espace de travail doit \u00eatre propice \u00e0 votre concentration tou\u2026\u00a0", "follower_count": "19k", "tag_list": "Home Office Design,Home Office Decor,House Design,Green Home Offices,Interior Office,Green Home Decor,Home Design Decor,Design Ideas,Sweet Home", "is_image_or_video": "image", "image_src": "https://i.pinimg.com/originals/ca/c7/f8/cac7f86ba392d593a3f9bdb6cd467364.png", "downloaded": 1, "save_location": "Local save in /data/home-decor"}