{"category": "mens-fashion", "index": 7167, "unique_id": "922425d2-16dc-465e-8fe4-e3c081a0299f", "title": "Hamilton Khaki Aviation Pilot Chrono Watch H76712151", "description": "Hamilton Khaki Aviation Pilot Chrono H76712151 Movement: ETA 251.274 quartz chronograph Case: Polished and brushed stainless steel. 44mm in diameter. Water resistant to 100 mete\u2026\u00a0", "follower_count": "265", "tag_list": "Swiss Army Watches,Seiko Watches,Luxury Watches For Men,Silver Man,Breitling,Fashion Watches,Men's Fashion,Fashion Tips,Cool Watches", "is_image_or_video": "image", "image_src": "https://i.pinimg.com/originals/13/cb/d6/13cbd63c3b2582b9ba4ec027d62e91c2.png", "downloaded": 1, "save_location": "Local save in /data/mens-fashion"}