{"category": "tattoos", "index": 8488, "unique_id": "92524b9c-4c6e-4af7-8f95-357fa1358a6f", "title": "Top 77 Best Teacup Tattoo Ideas - [2021 Inspiration Guide]", "description": "Teacup tattoos are great tribute to friendship and utilized in other cool designs. Check out the top 77 best teacup ideas from small to old school and weird", "follower_count": "800k", "tag_list": "Blue Ink Tattoos,Dope Tattoos,Pretty Tattoos,Black Tattoos,Body Art Tattoos,Sleeve Tattoos,Creative Tattoos,Unique Tattoos,Small Tattoos", "is_image_or_video": "image", "image_src": "https://i.pinimg.com/originals/98/d8/74/98d87429da639f3d047e4be71462e21b.jpg", "downloaded": 1, "save_location": "Local save in /data/tattoos"}