{"category": "travel", "index": 10138, "unique_id": "927c4658-cc3f-4b92-9b5c-70743d0c238d", "title": "14 Amazing Things To Do In Costa Rica | Volcanoes, Waterfalls, Wildlife And More", "description": "This Costa Rica itinerary is the ultimate guide to spending two weeks in Costa Rica. Find out about visiting La Fortuna, Arenal, Monteverde, Naranjo, Corcovado National Park, Or\u2026\u00a0", "follower_count": "10k", "tag_list": "Costa Rica Travel,Rio Celeste Costa Rica,Dream Vacations,Vacation Spots,Vacation Travel,Travel Pictures,Travel Photos,Fortuna Costa Rica,Costa Rica Pictures", "is_image_or_video": "image", "image_src": "https://i.pinimg.com/originals/30/93/cb/3093cb01d9de2d125fda8ba5e3e41946.jpg", "downloaded": 1, "save_location": "Local save in /data/travel"}