{"category": "quotes", "index": 8174, "unique_id": "933fef6a-ebca-4d25-bc2a-3190c1490b75", "title": "18 Daily Motivational Quotes You Need In 2018 - Dare to Cultivate", "description": "#quotes #quote #inspirationalquotes #motivationalquotes #quoteoftheday #Motivation #Inspiration #inspirational #Success #wisdom #amazingquotes #quoteoftheday // success quote //\u2026\u00a0", "follower_count": "7k", "tag_list": "Motivacional Quotes,Daily Motivational Quotes,Yoga Quotes,Words Quotes,Wise Words,Positive Quotes,Inspiring Quotes,Positive Affirmations,Inspirational Quotes About Success", "is_image_or_video": "image", "image_src": "https://i.pinimg.com/originals/4b/d6/1b/4bd61b788bc792d9a36e67dbd4a7b50a.jpg", "downloaded": 1, "save_location": "Local save in /data/quotes"}