{"category": "tattoos", "index": 8645, "unique_id": "94146cf1-c412-48b4-a19e-4f2868894e21", "title": "60 Turtle Tattoos that are Full of Charm and Style \u2013 Meanings, Designs and Ideas", "description": "If you're looking for the best turtle tattoos, you've come to the right place. Discover your favorite ideas and designs for the year.", "follower_count": "9k", "tag_list": "Small Girly Tattoos,Cute Tiny Tattoos,Little Tattoos,Pretty Tattoos,Cute Simple Tattoos,Sunset Tattoos,Bff Tattoos,Friend Tattoos,Small Turtle Tattoo", "is_image_or_video": "image", "image_src": "https://i.pinimg.com/originals/c6/b9/9f/c6b99ffa8d19d8eec558ba6baa266ba1.jpg", "downloaded": 1, "save_location": "Local save in /data/tattoos"}