{"category": "diy-and-crafts", "index": 2987, "unique_id": "959c436a-0139-48a1-b988-bea5973e41ed", "title": "Thumbprint Skeleton Craft", "description": "A cute thumbprint skeleton craft this is perfect for Halloween lovers or those little scientists learning about the human body. #halloween #crafts #kidscraft #craftsforkids", "follower_count": "67k", "tag_list": "Kids Crafts,Halloween Crafts For Toddlers,Daycare Crafts,Toddler Crafts,Projects For Kids,Pre School Crafts,Kids Diy,Easy Halloween Crafts,Halloween Party Supplies", "is_image_or_video": "image", "image_src": "https://i.pinimg.com/originals/87/4a/b9/874ab9cfa1e1918e96c8669dc7b705c0.jpg", "downloaded": 1, "save_location": "Local save in /data/diy-and-crafts"}