{"category": "diy-and-crafts", "index": 3436, "unique_id": "969ac754-9f79-4dab-9c28-d94a4a524937", "title": "15 DIY Mason Jar Crafts To Sell For Extra Cash That You Need To Know About", "description": "15 Mason jar crafts for kids to sell. These best selling mason jar crafts will be a hit at craft fairs or flea markets. Find out these awesome and unique ideas for easy DIY maso\u2026\u00a0", "follower_count": "67k", "tag_list": "Diy Craft Projects,Diy Home Crafts,Decor Crafts,Rock Crafts,Best Diy Projects,Home Craft Ideas,Holiday Crafts,Craft Tutorials,Handmade Crafts", "is_image_or_video": "image", "image_src": "https://i.pinimg.com/originals/02/6d/07/026d0743d108fe1c475b4bb37ff24507.jpg", "downloaded": 1, "save_location": "Local save in /data/diy-and-crafts"}