{"category": "beauty", "index": 1014, "unique_id": "9ac94307-bb27-410e-b554-0a0ab6c19847", "title": "Hairstyles & Beauty", "description": "Untitled", "follower_count": "0", "tag_list": "Hair Inspo,Hair Inspiration,Motivation Inspiration,Cl Rapper,Foto Glamour,Kreative Portraits,Classy Aesthetic,Pretty Hairstyles,Hair Looks", "is_image_or_video": "image", "image_src": "https://i.pinimg.com/originals/af/c4/59/afc459bd6e1fd8f9aef212504afebf3a.jpg", "downloaded": 1, "save_location": "Local save in /data/beauty"}