{"category": "quotes", "index": 7790, "unique_id": "9cd89fb9-d1af-4e66-85ca-c9d656c918b4", "title": "50 Heart Touching Sad Quotes That Will Make You Cry", "description": "Are you looking for some heart touching sad quotes and sayings; Here we have collected for you 50 best heart touching sad quotes..", "follower_count": "112", "tag_list": "Crush Quotes For Girls,Sad Crush Quotes,Hurt Quotes,Love Me Quotes,Mood Quotes,Quotes To Live By,Life Quotes,Quotes Quotes,Sad Quotes That Make You Cry", "is_image_or_video": "image", "image_src": "https://i.pinimg.com/originals/0c/0f/40/0c0f408d96458080e0c82adb50be8e8f.jpg", "downloaded": 1, "save_location": "Local save in /data/quotes"}