{"category": "christmas", "index": 2565, "unique_id": "9cffaa08-af4a-479a-ae01-16c23f9b7aba", "title": "Gorgeous Outdoor Christmas Decorations: 32 Best Ideas & Tutorials", "description": "32 beautiful outdoor Christmas decorations & ideas on DIY lights, wreaths, garlands, wood signs & ornaments for the yard, porch & front door!", "follower_count": "603k", "tag_list": "Christmas Garden,Farmhouse Christmas Decor,Christmas Fun,Christmas Outdoor Lights,White Christmas,Outdoor Christmas Presents,Christmas Manger,All Things Christmas,Handmade Christmas", "is_image_or_video": "image", "image_src": "https://i.pinimg.com/originals/3c/00/a0/3c00a066c02241b11b9f88c07f63510c.jpg", "downloaded": 1, "save_location": "Local save in /data/christmas"}