{"category": "travel", "index": 10120, "unique_id": "9d18af84-7e86-42d1-8415-63cf1f8dd45e", "title": "Where to Stay in London + The Best Hotels in London: Area by Area", "description": "Travelling to London and wondering where to stay? Don't miss this insider's guide to the best areas to stay in London and the best hotels in London. Cool things to do and places\u2026\u00a0", "follower_count": "376", "tag_list": "London Places,London Hotels,London England Hotels,London England Travel,London Restaurants,Cool Places To Visit,Places To Travel,Places To Go,Travel Destinations", "is_image_or_video": "image", "image_src": "https://i.pinimg.com/originals/53/bb/29/53bb29993450a1fb5223bcaf524d9deb.jpg", "downloaded": 1, "save_location": "Local save in /data/travel"}