{"category": "event-planning", "index": 4513, "unique_id": "9d6d3562-aae6-49f7-af12-2d524cfaee83", "title": "Free Party Planner Checklist", "description": "Free Party Planner Checklist pdf printable to help with your holiday, birthday, or any special party.", "follower_count": "168k", "tag_list": "Birthday Party Checklist,Birthday Party Planner,Party Planning Checklist,Event Planning Template,Event Planning Quotes,Checklist Template,Event Planning Business,Planner Template,Questionnaire Template", "is_image_or_video": "image", "image_src": "https://i.pinimg.com/originals/6c/95/08/6c9508a33fdc026bac5e63105917ddc1.jpg", "downloaded": 1, "save_location": "Local save in /data/event-planning"}