{"category": "mens-fashion", "index": 7294, "unique_id": "9d8409ef-bea7-4133-a021-c58b9c042210", "title": "Foolproof Fall Fashion For Men You'll Love", "description": "Looking for the coolest fall fashion for men this season? Click to read this article on fall fashion for men to look sharp on LLEGANCE.", "follower_count": "28k", "tag_list": "Fashion 90s,Autumn Fashion,Fashion Ideas,Trendy Fashion,Fashion Photo,Fashion Outfits,Fashion Trends,Urban Fashion Men,Men's Casual Fashion", "is_image_or_video": "image", "image_src": "https://i.pinimg.com/originals/4c/bf/2d/4cbf2d6e04d2502612169220553f4cef.jpg", "downloaded": 1, "save_location": "Local save in /data/mens-fashion"}