{"category": "tattoos", "index": 8930, "unique_id": "a2999c28-f7b2-4577-af87-49d21d6d8a18", "title": "135 Sunflower Tattoo Ideas - [Best Rated Designs in 2021]", "description": "We have put together the Ultimative Sunflower Tattoo Collection in 2020. Check out our highest rated handpicked Sunflower designs here!", "follower_count": "800k", "tag_list": "Sunflower Tattoo Sleeve,Sunflower Tattoo Shoulder,Sunflower Tattoo Small,Sunflower Tattoos,Sunflower Tattoo Design,Shoulder Tattoo,Sunflower Mandala Tattoo,Sunflower Tattoo Meaning,Form Tattoo", "is_image_or_video": "image", "image_src": "https://i.pinimg.com/originals/18/de/6c/18de6c81a8637e224c7d63dce1414ceb.jpg", "downloaded": 1, "save_location": "Local save in /data/tattoos"}