{"category": "quotes", "index": 7759, "unique_id": "a316a825-7a8d-484d-a472-889b35ef56eb", "title": "73 Best Friends Quotes To Honor Your Friendship - Our Mindful Life", "description": "Best friends are hard to find, harder to leave, and impossible to forget - Quotes on true friendship and what are real friends - OurMindfulLife.com", "follower_count": "190k", "tag_list": "Quotes Distance Friendship,Short Friendship Quotes,Best Friendship,Frienship Quotes,Friendship Thoughts,Friend Friendship,Motivacional Quotes,True Quotes,Funny Quotes", "is_image_or_video": "image", "image_src": "https://i.pinimg.com/originals/a3/b9/af/a3b9afd3a2ede25a0952b553eb2818e8.jpg", "downloaded": 1, "save_location": "Local save in /data/quotes"}