{"category": "vehicles", "index": 10425, "unique_id": "a3e30ca5-c595-4f79-8ad2-81f3bf09854e", "title": "Daily Man Up (28 Photos) - Suburban Men", "description": "Rpv civilian edition I need one of these in my life, love this!!", "follower_count": "383k", "tag_list": "Jeep Truck,4x4 Trucks,Cool Trucks,Jeep Wrangler,M Bmw,Automobile,Hors Route,Offroader,Bug Out Vehicle", "is_image_or_video": "image", "image_src": "https://i.pinimg.com/originals/fd/ef/80/fdef80bc9fe06ca34c11d0318e7662d6.jpg", "downloaded": 1, "save_location": "Local save in /data/vehicles"}