{"category": "quotes", "index": 8341, "unique_id": "a4beb727-1f73-4eee-bd46-053e2ce4a03a", "title": "Today is a Good Day! 15 Inspiring Quotes to Live in the Present", "description": "Today is a Good Day! 15 inspiring Quotes to help you live in the present.", "follower_count": "27k", "tag_list": "Quotable Quotes,Me Quotes,Today Quotes,Good Day Quotes,Wisdom Quotes,Change Quotes,Music Quotes,Honor Quotes,Heart Quotes", "is_image_or_video": "image", "image_src": "https://i.pinimg.com/originals/40/b8/72/40b872199255b8f69c673bfead4ee867.jpg", "downloaded": 1, "save_location": "Local save in /data/quotes"}