{"category": "art", "index": 771, "unique_id": "a5021766-a8aa-4dc7-9857-4da6b8e3dc1a", "title": "African Sunset Shadow Tracing Art - Taming Little Monsters", "description": "Use your mini world figures to create this beautiful African sunset. Your kids will love learning about shadows, angles and distortion in this fun art and STEM activity for kids.", "follower_count": "4k", "tag_list": "African Art Projects,Cool Art Projects,Projects For Kids,African Art For Kids,African Crafts Kids,Art Club Projects,Art Education Projects,Tracing Art,African Sunset", "is_image_or_video": "image", "image_src": "https://i.pinimg.com/originals/e3/aa/35/e3aa350f8f104d0e59f26d7f17ea7461.png", "downloaded": 1, "save_location": "Local save in /data/art"}