{"category": "quotes", "index": 7832, "unique_id": "a549938a-786e-4a94-a473-403e8e3a15ad", "title": "You either win or you learn\u2764\ufe0f #inspirationalquote #quote #positive #hope", "description": "No description available Story format", "follower_count": "3k", "tag_list": "Motivacional Quotes,Doodle Quotes,Wisdom Quotes,Words Quotes,Year Quotes,Positive Quotes For Life,Good Life Quotes,Self Love Quotes,Self Healing Quotes", "is_image_or_video": "multi-video(story page format)", "image_src": "https://i.pinimg.com/videos/thumbnails/originals/2b/20/ac/2b20ace41dfc29087005a3df9fe1dd6d.0000001.jpg", "downloaded": 1, "save_location": "Local save in /data/quotes"}