{"category": "quotes", "index": 7922, "unique_id": "a584581c-1b38-4731-a1cc-f36115ecf229", "title": "45 Top Life Quotes School Did Not Teach You", "description": "summcoco gives you inspiration for the women fashion trends you want. Thinking about a new look or lifestyle? This is your ultimate resource to get the hottest trends. 45 Top Li\u2026\u00a0", "follower_count": "306k", "tag_list": "Life Quotes Love,Inspirational Quotes About Love,Mood Quotes,Motivational Quotes,Tears Quotes,Quotes About Sadness,Deep Quotes About Life,Quotes Quotes,Quote Life", "is_image_or_video": "image", "image_src": "https://i.pinimg.com/originals/bb/c0/e6/bbc0e6a797079505f11ac12bcb0b8c66.jpg", "downloaded": 1, "save_location": "Local save in /data/quotes"}