{"category": "home-decor", "index": 6134, "unique_id": "a66ed187-2268-4be1-a43a-42affc6c238d", "title": "Modern Farmhouse Summer Mantel Decorating Ideas", "description": "Simple spring or summer mantel decorating ideas for the modern farmhouse that include greenery, glass jars, vintage books and a beaded garland!", "follower_count": "37k", "tag_list": "Farmhouse Style Kitchen,Modern Farmhouse Decor,Rustic Farmhouse,Rustic Decor,Greenery Decor,Farmhouse Ideas,Country Decor,Modern Decor,Easy Home Decor", "is_image_or_video": "image", "image_src": "https://i.pinimg.com/originals/5b/0f/10/5b0f10e6e3e3cfbfeaec5242ca38db23.jpg", "downloaded": 1, "save_location": "Local save in /data/home-decor"}