{"category": "art", "index": 450, "unique_id": "a67abfbd-3db5-4f2d-a644-5a456643a9d0", "title": "Kindergarten Line Painting Monsters", "description": "This week, kindergarten continued their exploration of line, and started these fun line paintings! We used a new medium, to them, oil pastels and tempera cakes. \ud83d\ude04 Here's how we\u2026\u00a0", "follower_count": "13k", "tag_list": "Kindergarten Art Lessons,Art Lessons For Kids,Art For Kids,Art Projects For Kindergarteners,Monster Kindergarten,Art Children,Halloween Kunst,Halloween Art Projects,Grade 1 Art", "is_image_or_video": "image", "image_src": "https://i.pinimg.com/originals/2c/65/70/2c65702ea385bdad057edc4cacf08c19.jpg", "downloaded": 1, "save_location": "Local save in /data/art"}