{"category": "home-decor", "index": 6299, "unique_id": "a684c7d3-9a19-491c-81a2-388bb82fa18b", "title": "Jeffrey Court Renovation Challenge-Week 2-Demo and Inspiration - Crisp Collective", "description": "It\u2019s week 2 of the Jeffrey Court Renovation Challenge and guess what day it is?!? DEMO DAY! Hey 1990s tile, you\u2019ve been good to us, but it\u2019s time to go! And while crushing you i\u2026\u00a0", "follower_count": "13k", "tag_list": "Bad Inspiration,Bathroom Inspiration,Bathroom Ideas,Small Bathroom,Black And White Master Bathroom,Gold Bathroom Faucet,Black And Gold Bathroom,Gold Faucet,Bathroom Designs", "is_image_or_video": "image", "image_src": "https://i.pinimg.com/originals/bb/ec/33/bbec33d9c00989989f562609db7adf6a.jpg", "downloaded": 1, "save_location": "Local save in /data/home-decor"}