{"category": "finance", "index": 5162, "unique_id": "a68c2e1b-a247-4990-9d78-672d7797bd2b", "title": "How to Live Frugally: 50 Frugal Living Tips!", "description": "What to learn how to live frugally and save money? Read on and learn 50 practical frugal living tips that\u2019ll help you transform your life! These practical tips for frugal living\u2026\u00a0", "follower_count": "46k", "tag_list": "Ways To Save Money,Money Tips,Money Saving Tips,Money Hacks,Money Budget,Managing Money,Groceries Budget,Frugal Living Tips,Frugal Tips", "is_image_or_video": "image", "image_src": "https://i.pinimg.com/originals/03/f3/5d/03f35d36a796b5f29f8d91193e5e2af9.png", "downloaded": 1, "save_location": "Local save in /data/finance"}