{"category": "home-decor", "index": 6479, "unique_id": "a9371b74-e496-467b-a4a0-8533720fcf11", "title": "Top 10 Favorite Instagram Accounts that Inspire my European Farmhouse taste - Seeking Lavender Lane", "description": "I have had this question come up so often, and there truly are so many accounts that inspire me constantly, but what accounts truly push my creative limit? Make me dream more? I\u2026\u00a0", "follower_count": "49k", "tag_list": "European Kitchens,Home Kitchens,English Cottage Kitchens,European Kitchen Cabinets,Farmhouse Cabinets,Kitchen Dining,Kitchen Decor,Dining Room,Haus Am See", "is_image_or_video": "image", "image_src": "https://i.pinimg.com/originals/f4/53/fb/f453fb919a4df26884834f0097ecf789.jpg", "downloaded": 1, "save_location": "Local save in /data/home-decor"}