{"category": "beauty", "index": 1599, "unique_id": "aaf8f442-fed5-494f-a84b-64c5e8dc9fea", "title": "Bb Beauty", "description": "27 DIY Beauty Hacks", "follower_count": "213", "tag_list": "Bb Beauty,Beauty Care,Beauty Makeup,Fashion Beauty,Hair Beauty,Natural Beauty,Beauty Skin,Diy Beauty Hacks,Beauty Hacks For Teens", "is_image_or_video": "image", "image_src": "https://i.pinimg.com/originals/2c/6b/2a/2c6b2a79ce32ad125806b9a42cd00555.jpg", "downloaded": 1, "save_location": "Local save in /data/beauty"}