{"category": "education", "index": 3729, "unique_id": "ac90f1d2-dc9e-438c-b073-dd48511b80b0", "title": "5 + Nature Games for Your Homeschool", "description": "Our family would rather spend time outdoors than indoors. We love nature! That said, sometimes mother nature is uncooperative. On these days, it can be fun to pull out some natu\u2026\u00a0", "follower_count": "9k", "tag_list": "Diy Nature,Theme Nature,Nature Study,Science And Nature,Summer Science,Earth Science,Nature Crafts,Outdoor Education,Outdoor Learning", "is_image_or_video": "image", "image_src": "https://i.pinimg.com/originals/d6/3b/1a/d63b1a2a36534ecac5d1fbd0d932403a.jpg", "downloaded": 1, "save_location": "Local save in /data/education"}