{"category": "quotes", "index": 7768, "unique_id": "ae1a61f6-d958-40fe-ba93-6a78b3a73178", "title": "16 Motivational Quotes Get You Inspired Today - Boss Babe Chronicles", "description": "motivation quotes", "follower_count": "45k", "tag_list": "Motivacional Quotes,Motivational Quotes For Life,Uplifting Quotes,True Quotes,Words Quotes,Empowering Quotes,Boss Up Quotes,Inspirational Success Quotes,Boss Babe Quotes Work Hard", "is_image_or_video": "image", "image_src": "https://i.pinimg.com/originals/ee/b4/bc/eeb4bccdb074edb787ea61711e0c4dfd.jpg", "downloaded": 1, "save_location": "Local save in /data/quotes"}