{"category": "finance", "index": 5758, "unique_id": "af602075-7bea-4aa0-adf4-a1a89952e92e", "title": "Robot Challenge Screen", "description": "Need to organize your finances? Create a filing system that works for you. Learn how to organize your finances and give all your documents a home with", "follower_count": "14k", "tag_list": "Ways To Save Money,Money Tips,Money Saving Tips,Managing Money,Money Hacks,Saving Ideas,Finance Bank,Personal Finance,Finance Degree", "is_image_or_video": "image", "image_src": "https://i.pinimg.com/originals/e6/46/a3/e646a3462219ed0f6f752bcad93fd5a5.png", "downloaded": 1, "save_location": "Local save in /data/finance"}