{"category": "travel", "index": 9502, "unique_id": "b08d9be5-42f0-4a6b-88e3-adb274452469", "title": "Ultimate 2 Days in Amsterdam Itinerary + Travel Tips", "description": "Spend 2 days in Amsterdam with this unique Amsterdam itinerary. Discover the best things to do in Amsterdam, including the Rijksmuseum, Van Gogh Museum, cute Amsterdam cafes, an\u2026\u00a0", "follower_count": "5k", "tag_list": "Amsterdam Itinerary,Amsterdam Travel Guide,Europe Travel Guide,Travel Tours,Travel Destinations,Traveling Tips,Amsterdam Places To Visit,2 Days In Amsterdam,Best Places To Travel", "is_image_or_video": "video", "image_src": "https://i.pinimg.com/videos/thumbnails/originals/58/44/25/5844253c6a9e21e9019bae89c4926304.0000001.jpg", "downloaded": 1, "save_location": "Local save in /data/travel"}