{"category": "home-decor", "index": 6496, "unique_id": "b0cbadef-5c3d-4a8c-bbf6-5c28227627d3", "title": "Photo Wall Ideas-57 Family Picture & Gallery Wall Ideas", "description": "Gallery wall ideas for foyer or entryway - beautiful diy farmhouse gallery wall idea #gallerywallideas #decoratingideas #livingroomideas #diyhomedecor #homedecorideas", "follower_count": "102k", "tag_list": "Deco Champetre,Farmhouse Wall Decor,Rustic Decor,Rustic Style,Rustic Signs,Farmhouse Style,Farmhouse Ideas,Fresh Farmhouse,Entryway Wall Decor", "is_image_or_video": "image", "image_src": "https://i.pinimg.com/originals/b4/00/de/b400de4937524db32b29742eed3f1ca7.jpg", "downloaded": 1, "save_location": "Local save in /data/home-decor"}