{"category": "diy-and-crafts", "index": 2637, "unique_id": "b18e8d38-eb45-40c0-b443-4fca250df850", "title": "Marco Boho", "description": "No description available Story format", "follower_count": "66k", "tag_list": "Diy Craft Projects,Diy Crafts For Home Decor,Diy And Crafts Sewing,Diy Wall Decor,Creative Crafts,Fun Crafts,Paper Crafts,Sewing Diy,Diy Wall Art", "is_image_or_video": "multi-video(story page format)", "image_src": "https://i.pinimg.com/videos/thumbnails/originals/b6/ab/28/b6ab28752f2804d71a3993565ba89308.0000001.jpg", "downloaded": 1, "save_location": "Local save in /data/diy-and-crafts"}