{"category": "christmas", "index": 2577, "unique_id": "b1ce08b4-ffc6-4d4e-ad75-a32be401d206", "title": "Gingerbread Boy FigurineGingerbread Boy Figurine", "description": "Looks good enough to eat! Surprise your Christmas festivities with this delectable Gingerbread Boy Oversized Figurine. Add a sense of warmth to every holiday gathering. Features\u2026\u00a0", "follower_count": "5k", "tag_list": "Gingerbread Christmas Decor,Snowman Christmas Decorations,Gingerbread Decorations,Gingerbread Ornaments,Decorating With Christmas Lights,Christmas Snowman,Gingerbread Cookies,Christmas Crafts,Christmas Ideas", "is_image_or_video": "image", "image_src": "https://i.pinimg.com/originals/80/d8/6a/80d86a31a227ebb78a4b21392f7a10ba.jpg", "downloaded": 1, "save_location": "Local save in /data/christmas"}