{"category": "christmas", "index": 1706, "unique_id": "b5c8a1b5-9e90-4522-9bec-2477b698d5b7", "title": "Standing Figurine Toys Xmas Santa Claus Snowman Reindeer Figure Plush Dolls Christmas Decorations Ornaments Home Indoor Table Ornaments Christmas Party Tree Hanging Decor Toys Gifts for Kids Friends\u2026", "description": "Features: Material:Lint Size:48\uff5818cm Quantity:1 pc Shape:Santa Claus, snowman. Elk Occasion:Christmas Description: 1. Fashion design, high quality 2. Santa Claus, snowman. Elk C\u2026\u00a0", "follower_count": "5k", "tag_list": "Merry Christmas To You,Christmas Toys,Great Christmas Gifts,Christmas Snowman,Christmas Ornaments,Holiday,Christmas Party Decorations,Christmas Themes,Decoration Party", "is_image_or_video": "image", "image_src": "https://i.pinimg.com/originals/b5/7f/21/b57f219fa89c1165b57525b8eae711da.jpg", "downloaded": 1, "save_location": "Local save in /data/christmas"}