{"category": "event-planning", "index": 5069, "unique_id": "b75b6f87-deb3-444f-b29e-ce9161b2df49", "title": "The Vault: Curated & Refined Wedding Inspiration", "description": "Sacramento California Wedding 2 Chic Events & Design Jodi Yorston Photography Wilson Vineyards Barn Miosa Couture Yellow Barn Vineyard Outdoor Candles DIY", "follower_count": "6M", "tag_list": "60th Anniversary Parties,Anniversary Decorations,Golden Anniversary,25th Wedding Anniversary,Anniversary Pictures,Anniversary Ideas,Birthday Decorations,Event Planning Design,Event Design", "is_image_or_video": "image", "image_src": "https://i.pinimg.com/originals/7e/45/90/7e45905fefa36347e83333fd6d091140.jpg", "downloaded": 1, "save_location": "Local save in /data/event-planning"}