{"category": "art", "index": 552, "unique_id": "b82602a9-e434-42cf-9481-22f3f41d82ce", "title": "The herbal bed: Katie Scott's psychedelic flora and fauna \u2013\u00a0in pictures", "description": "Nike trainers sprout plants and French perfumiers inspire by mysterious scientific icons in Katie Scott\u2019s visions that take botanical illustration into the digital age", "follower_count": "908k", "tag_list": "Art And Illustration,Illustration Inspiration,Botanical Illustration,Vintage Illustrations,Botanical Drawings,Botanical Prints,Arte Inspo,Insect Art,Psychedelic", "is_image_or_video": "image", "image_src": "https://i.pinimg.com/originals/16/8a/fa/168afae02d5ffc71da10cdb312de2cb1.jpg", "downloaded": 1, "save_location": "Local save in /data/art"}