{"category": "travel", "index": 9590, "unique_id": "b849e976-52f6-45d7-8b25-51559318f167", "title": "Top 20 Things To See And Do In Ireland", "description": "Best spots to see for travel through Ireland!", "follower_count": "130k", "tag_list": "Vacation Ideas,Vacation Spots,Emerald Isle,London England,Travel Guides,Travel Tips,Travel Hacks,Travel Packing,Places To Travel", "is_image_or_video": "image", "image_src": "https://i.pinimg.com/originals/c7/50/d3/c750d36524856873d64406652d69b4fb.png", "downloaded": 1, "save_location": "Local save in /data/travel"}