{"category": "mens-fashion", "index": 7343, "unique_id": "b8c63a95-6fe8-4d7f-9455-1eef3462fee0", "title": "This Fashion Rule Is Nonsense, And We Should All Forget About It", "description": "Black And Brown Outfits You Need To Try This Fall Season. The trick with black and brown outfits is to know how to combine colors, fabrics, and shapes to get a cohesive look. So\u2026\u00a0", "follower_count": "1M", "tag_list": "Winter Outfits Men,Stylish Mens Outfits,Casual Outfits,Men Casual,Smart Casual,Outfits For Men,Fall Outfits,Mens Winter Boots,Business Casual Men", "is_image_or_video": "image", "image_src": "https://i.pinimg.com/originals/3e/49/09/3e4909c0ccc4dbba3cad83d97eab4a61.png", "downloaded": 1, "save_location": "Local save in /data/mens-fashion"}