{"category": "tattoos", "index": 8978, "unique_id": "b98e5485-de15-45e7-b4b1-c45351d84f30", "title": "50 Elephant Tattoo Designs for Women Stylish Picture", "description": "Attractive Geometric Elephant Tattoo Female Will Love Today elephant tattoo for women are popular for\u2026", "follower_count": "6k", "tag_list": "Cute Elephant Tattoo,Elephant Tattoo Design,Small Elephant Tattoos,Elephant Thigh Tattoo,Elephant Tattoo Meaning,Elephant Outline,Tattoo Oma,Tigh Tattoo,Small Thigh Tattoos", "is_image_or_video": "image", "image_src": "https://i.pinimg.com/originals/f9/14/11/f9141167d060e6a949e585f1b877a949.jpg", "downloaded": 1, "save_location": "Local save in /data/tattoos"}