{"category": "education", "index": 3563, "unique_id": "bcd69df8-b39e-4373-9304-ca239c5f3e7c", "title": "Objectives and Brain Breaks", "description": "My school is one of many that will be required to post our daily objectives in our classrooms next year. I've FINALLY finished mine! I purc...", "follower_count": "517", "tag_list": "Classroom Organisation,Classroom Setup,Future Classroom,Classroom Management,Behavior Management,Classroom Ideas For Teachers,Center Management,2nd Grade Classroom,Classroom Behavior", "is_image_or_video": "image", "image_src": "https://i.pinimg.com/originals/a1/e6/29/a1e629d678c1862420749cc1f31a6b9e.jpg", "downloaded": 1, "save_location": "Local save in /data/education"}