{"category": "beauty", "index": 1450, "unique_id": "be11eb0e-bf1d-4558-979c-5daf59454439", "title": "A multitasking cleanser/toner that feels incredibly light on the skin and smells ever so faintly of rose petals.", "description": "It can be used as a pre-cleansing or pre-makeup step, a toner (that mildly hydrates and exfoliates), or a midday refresher. The possibilities!Get it from Soko Glam for $30.", "follower_count": "5M", "tag_list": "Face Care,Body Care,Beauty Skin,Beauty Makeup,K Beauty,Beauty Water,Tips Belleza,Aesthetic Makeup,All Things Beauty", "is_image_or_video": "image", "image_src": "https://i.pinimg.com/originals/08/68/cb/0868cb65f447b9b165544f72fd05cbce.jpg", "downloaded": 1, "save_location": "Local save in /data/beauty"}