{"category": "beauty", "index": 1173, "unique_id": "be1f996d-6685-4527-be61-55a90c53096b", "title": "Luxury Skincare for Men That's Tottaly Worth the Splurge | Skin care, Natural hair mask, Beauty hack", "description": "Some grooming products are top-shelf, the best of the best \u2014 the holy grails within their league.These nine luxury skincare brands are worth every penny.", "follower_count": "198", "tag_list": "Natural Hair Mask,Natural Hair Styles,Natural Beauty,Farmasi Cosmetics,Skin Tag,Clean Face,Tips Belleza,Sleep Mask,Beauty Hacks", "is_image_or_video": "image", "image_src": "https://i.pinimg.com/originals/c2/5f/8f/c25f8f7d912ab1f99a0ca0646e442f5f.jpg", "downloaded": 1, "save_location": "Local save in /data/beauty"}