{"category": "education", "index": 4137, "unique_id": "bf275054-4464-448b-9143-1bf101aa366d", "title": "15 Essential Classroom Items For First Year Teachers / First Year Teacher Must Haves", "description": "15 Essential Classroom Items For First Year Teachers / First Year Teacher Must Haves", "follower_count": "5k", "tag_list": "1st Year Teachers,First Year Teaching,First Grade Teachers,Elementary Teacher,Montessori Elementary,Teaching Reading,History Teachers,High School Classroom,First Grade Classroom", "is_image_or_video": "image", "image_src": "https://i.pinimg.com/originals/4b/b9/a8/4bb9a85f609a8384ed9c9ab14e7bcea0.jpg", "downloaded": 1, "save_location": "Local save in /data/education"}