{"category": "travel", "index": 10204, "unique_id": "bfac5df3-ebc9-4996-909a-296246dd5fd7", "title": "The best Rooftop Bars in Lisbon, Portugal", "description": "The best Rooftop Bars in Lisbon, Portugal. Travel guide blog on the best spots in the city for amazing views with a cocktail!", "follower_count": "5k", "tag_list": "Portugal Trip,Portugal Travel Guide,Visit Portugal,Spain And Portugal,Lisbon Portugal,Best Rooftop Bars,Work Travel,Spain Travel,Vacation Trips", "is_image_or_video": "image", "image_src": "https://i.pinimg.com/originals/9c/ce/61/9cce61ac5d662b75d95e95c27fa7e96f.jpg", "downloaded": 1, "save_location": "Local save in /data/travel"}