{"category": "tattoos", "index": 9407, "unique_id": "bfde19cf-2d4d-400d-bcd7-4e44e1068e91", "title": "Les plus beaux tatouages pour couvrir ses hanches", "description": "Tent\u00e9 par un nouveau tatouage ? Craquez donc pour un tatouage qui habillera vos hanches ! Un tantinet plus sexy qu'un tattoo sur les cuisses, le dessin de peau plac\u00e9 sur vos han\u2026\u00a0", "follower_count": "494k", "tag_list": "Thigh Piece Tattoos,Pieces Tattoo,Body Tattoos,Tatoos,Rose Tattoo Thigh,Tattoo On Leg,Cute Thigh Tattoos,Spine Tattoos,Dope Tattoos For Women", "is_image_or_video": "image", "image_src": "https://i.pinimg.com/originals/a3/6e/d5/a36ed58c0c90ee11b75b444599c09a56.jpg", "downloaded": 1, "save_location": "Local save in /data/tattoos"}