{"category": "mens-fashion", "index": 7370, "unique_id": "c03f1e5d-c51c-4c04-a6c5-c2b481efccf9", "title": "Guy Stuff \u2013 The Stylish Man", "description": "No description available", "follower_count": "323", "tag_list": "Mode Outfits,Casual Outfits,Fashion Outfits,Fashion Clothes,Dance Fashion,Dress With Sneakers,Sneakers Fashion,Women's Sneakers,Yellow Sneakers", "is_image_or_video": "image", "image_src": "https://i.pinimg.com/originals/c8/36/91/c8369176f5d6056f979c565d9ac1a170.jpg", "downloaded": 1, "save_location": "Local save in /data/mens-fashion"}