{"category": "beauty", "index": 1137, "unique_id": "c0549191-51c3-4fb3-bcd3-824a9c46cfd7", "title": "Epus-PRO Treatment Device", "description": "Electroporation + LED + Low-Frequency Exercising muscles you never use in daily life, this product works like an electroporation that you can only get in a medical skin care cli\u2026\u00a0", "follower_count": "18", "tag_list": "Cream For Oily Skin,Moisturizer For Oily Skin,Oily Skin Care,Face Skin Care,Face Care Tips,Beauty Tips For Face,Beauty Tricks,Skin Care Clinic,Skin Treatments", "is_image_or_video": "image", "image_src": "https://i.pinimg.com/originals/05/61/89/056189f29c6898f2db14af0b526adf52.png", "downloaded": 1, "save_location": "Local save in /data/beauty"}