{"category": "mens-fashion", "index": 7234, "unique_id": "c05f564d-2783-4bec-b205-d3f756276296", "title": "16 Amazing Casual Outfit Grids For Guys", "description": "Your spring summer wardrobe inspiration..", "follower_count": "613k", "tag_list": "Mode Outfits,Casual Outfits,Men Casual,Fashion Outfits,Fashion Clothes,Hijab Casual,Gentleman Mode,Gentleman Style,Mode Masculine", "is_image_or_video": "image", "image_src": "https://i.pinimg.com/originals/0e/cf/eb/0ecfeb441e7a3559aa41f11b94cdd6ef.jpg", "downloaded": 1, "save_location": "Local save in /data/mens-fashion"}