{"category": "mens-fashion", "index": 6939, "unique_id": "c071d2b6-e572-4b6d-a335-fe2b0d01a2a9", "title": "Cobba | Non-stop Shorts for Urban Warriors", "description": "Weekend style // city boys // mens fashion // menswear // urban men // stylish men //", "follower_count": "5k", "tag_list": "Beige Chelsea Boots,Chelsea Boots Outfit,Botas Chelsea,All Black Fashion,All Black Outfit,Mode Masculine,Stylish Men,Men Casual,Casual Styles", "is_image_or_video": "image", "image_src": "https://i.pinimg.com/originals/b7/92/f0/b792f0242c8b3f5ee41e1403c5a29c6c.jpg", "downloaded": 1, "save_location": "Local save in /data/mens-fashion"}