{"category": "beauty", "index": 1362, "unique_id": "c28eddf9-d936-4c1e-b91f-f0d1888a5bd1", "title": "26 Cheap Beauty Products That Are The Perfect Little Pick-Me-Up \u2014 BuzzFeed", "description": "Will these products spark joy? Why yes, I thought you'd never ask!", "follower_count": "191", "tag_list": "Buzzfeed,Beauty Photography,Nail Polish,Skin Tag,Mouthwash,Pick Me Up,Facial Hair,Teeth Whitening,Glowing Skin", "is_image_or_video": "image", "image_src": "https://i.pinimg.com/originals/86/c4/c7/86c4c7fe7bc203127f45d210ac174817.jpg", "downloaded": 1, "save_location": "Local save in /data/beauty"}