{"category": "finance", "index": 5309, "unique_id": "c38bb47b-9584-4fc4-af0d-a31e1061df41", "title": "How to Watch Your Favorite Shows Without Cable", "description": "How to Get Rid of Cable and Still Watch all of your favorite shows! Saving Money Tips for TV & Cable!", "follower_count": "330k", "tag_list": "Ways To Save Money,Money Tips,Money Saving Tips,Money Hacks,Managing Money,Cable Tv Alternatives,Budget Planer,Financial Tips,Financial Planning", "is_image_or_video": "image", "image_src": "https://i.pinimg.com/originals/c9/18/be/c918be2784382dc49010719bf1742a61.jpg", "downloaded": 1, "save_location": "Local save in /data/finance"}