{"category": "finance", "index": 5647, "unique_id": "c3ecbd41-760d-467e-a74e-3406a0673c67", "title": "13 Common Tax Mistakes You Might Be Making | Middle Class Dad", "description": "Making any of these common tax mistakes? Tax season is coming up & can get hectic. Wondering if we owe or getting audited is stressful! In getting our taxes ready, whether or no\u2026\u00a0", "follower_count": "10k", "tag_list": "Tax Deductions,Tax Refund,Small Business Bookkeeping,Budgeting Finances,Financial Planning,Personal Finance,Tax Preparation,Cleaning Business", "is_image_or_video": "image", "image_src": "https://i.pinimg.com/originals/f9/df/0b/f9df0baafa704ecfaabda521094332c5.jpg", "downloaded": 1, "save_location": "Local save in /data/finance"}