{"category": "vehicles", "index": 10794, "unique_id": "c4bd2577-a7bb-4409-bb7a-17d5ed7e1cf1", "title": "TireBuyer", "description": "Nissan GT-R. Sick.", "follower_count": "437", "tag_list": "Lowrider,Old Vintage Cars,Antique Cars,Austin Martin,Nissan Gtr Black,Jaguar,1959 Cadillac,Cadillac Ct6,Old School Cars", "is_image_or_video": "image", "image_src": "https://i.pinimg.com/originals/0d/29/9f/0d299f3df020395aa7ce8387f40fbeed.jpg", "downloaded": 1, "save_location": "Local save in /data/vehicles"}