{"category": "art", "index": 456, "unique_id": "c6734512-4994-4692-8892-4f7f917067a4", "title": "DIY Pour Painting with JOANN - Crafts | Sweet Red Poppy", "description": "Top US craft blog, Sweet Red Poppy, teams up with JOANN and features their DIY Pour Painting Tutorial. Click here now for all the info!!", "follower_count": "241k", "tag_list": "Diy Canvas Art,Diy Wall Art,Diy Artwork,Canvas Crafts,Wall Decor,Joann Crafts,Diy Crafts,Resin Crafts,Resin Art", "is_image_or_video": "video", "image_src": "https://i.pinimg.com/videos/thumbnails/originals/f7/ad/c0/f7adc04f3a66b8acfdd6fac9c2ca77cc.0000001.jpg", "downloaded": 1, "save_location": "Local save in /data/art"}