{"category": "mens-fashion", "index": 7554, "unique_id": "c6fa12f4-0d4a-4b07-a335-5bf9f37f8281", "title": "Craig Style", "description": "imgentleboss: \u201c - More about men\u2019s fashion at @Gentleboss - GB\u2019s Facebook - \u201d", "follower_count": "940", "tag_list": "Mens Fashion Blog,Look Fashion,Autumn Fashion,Fashion News,Fashion Sale,80s Fashion,Paris Fashion,Runway Fashion,Fashion Trends", "is_image_or_video": "image", "image_src": "https://i.pinimg.com/originals/e7/6e/8e/e76e8ed6cc838b84a934c6948a5caff7.jpg", "downloaded": 1, "save_location": "Local save in /data/mens-fashion"}