{"category": "quotes", "index": 8312, "unique_id": "ca3c9bb0-7281-4b9b-8abf-201da0b68d62", "title": "8 Vision Board Ideas To Manifest Your Dreams - TheFab20s", "description": "Trying to create your dream life but don't know where to start?! These vision board ideas are a great way to manifest a new you this year", "follower_count": "42k", "tag_list": "Positive Self Affirmations,Positive Affirmations Quotes,Affirmation Quotes,Quotes Positive,Motivational Quotes For Success Positivity,Business Success Quotes,Positive Vibes,Motivational Quotes For Women,Affirmations For Love", "is_image_or_video": "image", "image_src": "https://i.pinimg.com/originals/36/d1/be/36d1be632cbf9b6c8e377a052b31d064.jpg", "downloaded": 1, "save_location": "Local save in /data/quotes"}