{"category": "tattoos", "index": 8592, "unique_id": "ca482dec-52e3-4538-9a8c-da66254f8e0f", "title": "15 Tatuajes con serpentines aptos solo para chicas fuertes", "description": "Las serpientes son criaturas que muchas veces son subestimadas por los humanos por su naturaleza intimidante y algunos le suelen temer, sin embargo, tienen un significado oculto\u2026\u00a0", "follower_count": "3M", "tag_list": "Body Art Tattoos,Small Tattoos,Tattoos For Guys,Tatoos,Finger Tattoos,Tattoos Pics,Cross Tattoos,Unique Tattoos For Women,Maori Tattoos", "is_image_or_video": "image", "image_src": "https://i.pinimg.com/originals/33/31/58/3331588e87c4f6d525d93b3c4f4d3823.png", "downloaded": 1, "save_location": "Local save in /data/tattoos"}