{"category": "diy-and-crafts", "index": 2788, "unique_id": "caf2fab1-bca6-49ff-8084-98094c945143", "title": "Painting Pasta to Thread", "description": "Painting pasta to thread - this was so much fun and the cool fluro pasta made great necklaces!", "follower_count": "130k", "tag_list": "Craft Activities For Kids,Toddler Activities,Easy Toddler Crafts,Time Activities,Activities For 4 Year Olds,At Home Crafts For Kids,Arts And Crafts For Kids Toddlers,Back To School Crafts For Kids,Spring Toddler Crafts", "is_image_or_video": "image", "image_src": "https://i.pinimg.com/originals/a1/3d/0a/a13d0a596937d745809c21d68de1ab92.jpg", "downloaded": 1, "save_location": "Local save in /data/diy-and-crafts"}