{"category": "travel", "index": 10245, "unique_id": "cb3aee98-8171-44ce-bc47-9275b2d2c731", "title": "99 Things Every Female Traveler Should Know", "description": "From practical travel tips to tips for inner travel peace, the following is a long list of everything we think every female traveler should know in order to get the most out of\u2026\u00a0", "follower_count": "41k", "tag_list": "Travel To Do,Travel Blog,Travel Info,Future Travel,Travel Advice,Solo Travel,Time Travel,Travel Guides,Places To Travel", "is_image_or_video": "image", "image_src": "https://i.pinimg.com/originals/cd/66/6d/cd666dbe0791e67881586f0c85495f88.jpg", "downloaded": 1, "save_location": "Local save in /data/travel"}