{"category": "tattoos", "index": 8996, "unique_id": "cb589790-47fe-44a9-8c5a-e80e3f63699a", "title": "40 Elegant Dragon Tattoos For Women with Meaning - Our Mindful Life", "description": "Dragon tattoos are not just for guys. From small, simple to big, and intricate, these dragon tattoos for women are elegant and badass.", "follower_count": "190k", "tag_list": "Small Thigh Tattoos,Small Animal Tattoos,Girl Arm Tattoos,Shoulder Tattoos For Women,Wrist Tattoos For Women,Dragon Tattoo Ankle,Dragon Tattoo Shoulder,Black Dragon Tattoo,Dragon Tattoos For Men", "is_image_or_video": "image", "image_src": "https://i.pinimg.com/originals/f1/12/fd/f112fde0af6fa4e023e95816beab1c9d.jpg", "downloaded": 1, "save_location": "Local save in /data/tattoos"}