{"category": "quotes", "index": 7670, "unique_id": "cb8c0058-6338-4ada-a060-1b6bf1a20f8d", "title": "14 Quotes For Strong Women Who Choose Courage Over Fear", "description": "Life can bring you down, and you need a reminder that you're a powerful, courageous, strong woman. When you need some motivation or a push in the right direction, here are 13 of\u2026\u00a0", "follower_count": "942k", "tag_list": "Strong Women Quotes Strength,Powerful Women Quotes,Quotes About Strength,Inspiring Quotes For Women,Quotes About Women,Real Women Quotes,Beautiful Women Quotes,Quotes On Beauty Women,Quotes For Being Strong", "is_image_or_video": "image", "image_src": "https://i.pinimg.com/originals/0d/cb/d5/0dcbd5231fa5aae9a11881451d5a6d13.jpg", "downloaded": 1, "save_location": "Local save in /data/quotes"}