{"category": "event-planning", "index": 4357, "unique_id": "ccf116e9-9096-4943-a344-1960ce216445", "title": "First Steps in Launching Your Own Event Business - Learn About Event Planning", "description": "Updated: January 25, 2017 You\u2019ve organized some events for your family, friends or community and you have gained a budding reputation for knowing how put events together. You\u2019ve\u2026\u00a0", "follower_count": "4k", "tag_list": "Event Planning Quotes,Event Planning Checklist,Event Planning Business,Business Events,Business Ideas,Business Names,Business Opportunities,Corporate Events,Wedding Event Planner", "is_image_or_video": "image", "image_src": "https://i.pinimg.com/originals/c3/2b/c6/c32bc6ad263857cb0eea19f9cd12beb9.jpg", "downloaded": 1, "save_location": "Local save in /data/event-planning"}