{"category": "travel", "index": 10052, "unique_id": "ccfa7a81-a0df-4b5d-852d-761ff7c55f2f", "title": "most charming places in europe!", "description": "Helene Sula (@heleneinbetween) has created a short video on TikTok with music PLAYAC17. Some of the most charming places \ud83d\ude0d #europe #travel #tiktoktravel #travel_with_gtm #trave\u2026\u00a0", "follower_count": "40k", "tag_list": "Beautiful Places To Travel,Best Places To Travel,Vacation Places,Vacation Spots,Cool Places To Visit,Places To Go,Vacations,Future Travel,Travel Aesthetic", "is_image_or_video": "video", "image_src": "https://i.pinimg.com/videos/thumbnails/originals/4a/32/30/4a3230738521be2715167444d887af1f.0000001.jpg", "downloaded": 1, "save_location": "Local save in /data/travel"}