{"category": "art", "index": 744, "unique_id": "cdfe122b-e46a-42a4-8cd1-c8b71841243a", "title": "Minecraft Art", "description": "No description available", "follower_count": "0", "tag_list": "Minecraft Art,Anime Scenery Wallpaper,Puzzle Box,Aesthetic Colors,Cute Cartoon Wallpapers,Pretty Pictures,Painting Inspiration,Art Reference,Cool Art", "is_image_or_video": "image", "image_src": "https://i.pinimg.com/originals/a6/0f/06/a60f06218462ad312c027780a8381fce.png", "downloaded": 1, "save_location": "Local save in /data/art"}