{"category": "finance", "index": 5293, "unique_id": "cf33a9ea-788b-4440-bbff-19939cd49d36", "title": "I Will Teach You to Be Rich, Second Edition: No Guilt. No Excuses. No Bs. Just a 6-Week Program That Works", "description": "The groundbreaking NEW YORK TIMES and WALL STREET JOURNAL BESTSELLER that taught a generation how to earn more, save more, and live a rich life--now in a revised 2nd edition. Bu\u2026\u00a0", "follower_count": "793", "tag_list": "Seth Godin,Wall Street Journal,Good Books,Books To Read,Money Makeover,Finance Books,Finance Tips,Words To Use,Dale Carnegie", "is_image_or_video": "image", "image_src": "https://i.pinimg.com/originals/5f/53/c9/5f53c9406ddaf6449dc1c6b93c7f8e31.jpg", "downloaded": 1, "save_location": "Local save in /data/finance"}