{"category": "event-planning", "index": 4996, "unique_id": "cf6c021f-1f41-47da-9492-cdec9d32fca8", "title": "The Secret To Authentic Networking and Building a Professional Network | Career Contessa", "description": "Tips on how to build an authentic network and find genuine connections in your professional network.", "follower_count": "265", "tag_list": "Event Planning Template,Event Planning Quotes,Event Planning Checklist,Event Planning Business,Event Planning Design,Business Events,Event Decor,Pastel,Career", "is_image_or_video": "image", "image_src": "https://i.pinimg.com/originals/ae/25/a7/ae25a72d5584a4c8f75e972fb70d48e2.jpg", "downloaded": 1, "save_location": "Local save in /data/event-planning"}