{"category": "christmas", "index": 1901, "unique_id": "cfbd331d-3008-40da-9423-c39f61188ffb", "title": "27 Cheap DIY Christmas Decorations | Mobile Home Living", "description": "These 27 Cheap DIY Christmas Decorations Ideas will help you decorate your home for the holidays in an affordable, fun way!", "follower_count": "122k", "tag_list": "Christmas Decor Diy Cheap,Hanging Christmas Tree,Decoration Christmas,Noel Christmas,White Christmas,Christmas Wreaths,Christmas Ornaments,Gold Ornaments,Outdoor Christmas", "is_image_or_video": "image", "image_src": "https://i.pinimg.com/originals/46/36/92/4636929681f907f8043aefa2581961fa.jpg", "downloaded": 1, "save_location": "Local save in /data/christmas"}