{"category": "diy-and-crafts", "index": 3419, "unique_id": "d0b80187-0171-49b2-8ee4-572984244f65", "title": "Easy Christmas Tree Crafts Ideas for toddlers and preschoolers | Sharing Our Experiences", "description": "Easy Christmas tree Craft Ideas for toddlers and preschoolers. Engage your kids in these DIY", "follower_count": "3k", "tag_list": "Christmas Crafts For Kids To Make,Christmas Tree Painting,Christmas Activities For Kids,Easy Christmas Crafts For Toddlers,Kid Activities,Christmas Handprint Crafts,Christmas Tree Crafts,Christmas Baby,Xmas Tree", "is_image_or_video": "image", "image_src": "https://i.pinimg.com/originals/69/f0/75/69f075939d4449dffa69519756c30e26.png", "downloaded": 1, "save_location": "Local save in /data/diy-and-crafts"}