{"category": "diy-and-crafts", "index": 3240, "unique_id": "d1017cdc-6bc4-4773-8eb2-3d503d4c2bac", "title": "Terracotta Pots DIYs", "description": "No description available Story format", "follower_count": "8M", "tag_list": "Diy Crafts To Do,Diy Crafts Hacks,Diy Arts And Crafts,Creative Crafts,Diy Craft Projects,Fall Crafts,Decor Crafts,Christmas Crafts,Flower Pot Crafts", "is_image_or_video": "multi-video(story page format)", "image_src": "https://i.pinimg.com/videos/thumbnails/originals/e3/db/66/e3db66d4185aa8eee3917600f2baf1de.0000001.jpg", "downloaded": 1, "save_location": "Local save in /data/diy-and-crafts"}