{"category": "travel", "index": 9759, "unique_id": "d105eb6e-0f9f-46e7-8d02-d24b62f6ae90", "title": "8 Best Greek Islands You Have To Visit - TheFab20s", "description": "Although you'd think Greek islands are fairly similar, you'd be completely wrong! Each island has it's own personality and appeal. Here are the 8 Best Greek Islands to visit, es\u2026\u00a0", "follower_count": "42k", "tag_list": "Greek Islands To Visit,Best Greek Islands,Greece Islands,Cool Places To Visit,Places To Go,Best Places In Portugal,Copenhagen Travel,Paros Island,Santorini Island", "is_image_or_video": "image", "image_src": "https://i.pinimg.com/originals/06/1d/ce/061dce38929dec8e74844442116bea4a.jpg", "downloaded": 1, "save_location": "Local save in /data/travel"}