{"category": "education", "index": 3800, "unique_id": "d2c367ed-9287-4ea3-b173-198b292d9981", "title": "Reinforcing the Difficult Child When Token Boards Don't Work!", "description": "behavior, special education, token boards, when token boards don't work, money token systems", "follower_count": "11k", "tag_list": "Special Education Behavior,Classroom Behavior Management,Behavior Plans,Behaviour Management,Behavior Charts,Behavior Board,Behavior Report,Behavior Analyst,Preschool Special Education", "is_image_or_video": "image", "image_src": "https://i.pinimg.com/originals/24/f9/e2/24f9e22ada4a79c61432ef6c8fe1d0f9.jpg", "downloaded": 1, "save_location": "Local save in /data/education"}