{"category": "vehicles", "index": 10625, "unique_id": "d31885b7-742a-4e2a-bbb7-ac5f9d334340", "title": "Jaguar Type E", "description": "1937 Jaguar SS100 - 2 1/2 Litre Roadster, one of the most sought after pre-war sports cars", "follower_count": "8k", "tag_list": "Jaguar Type E,Jaguar Xk,Jaguar Cars,Jaguar Roadster,Jaguar Sport,Retro Cars,Vintage Cars,Antique Cars,British Sports Cars", "is_image_or_video": "image", "image_src": "https://i.pinimg.com/originals/26/81/a7/2681a71bd0c8f7fd0ab79c455338a49a.jpg", "downloaded": 1, "save_location": "Local save in /data/vehicles"}