{"category": "finance", "index": 5630, "unique_id": "d41e703c-c97c-4c5a-9f9c-338982ca7504", "title": "7 Insanely Useful Money Management Worksheets", "description": "Get your personal finance in order with these 8 fr\u2026", "follower_count": "46k", "tag_list": "Ways To Save Money,Money Tips,Money Saving Tips,Money Budget,Saving Ideas,Budgeting Finances,Budgeting Tips,Planning Budget,Budget Planer", "is_image_or_video": "image", "image_src": "https://i.pinimg.com/originals/f1/4f/cc/f14fcc75ee73ff22c983bdce70c022e2.jpg", "downloaded": 1, "save_location": "Local save in /data/finance"}