{"category": "home-decor", "index": 6014, "unique_id": "d4c57afb-4775-4482-89c8-71d1bf85b488", "title": "Coffee Table Decor Ideas for a Cozy Living Room - Salvaged Living", "description": "Grab these coffee table decor ideas for a cozy living room. This post is awesome, it has a list of must have elements for cozy coffee table styling plus a list of supply ideas f\u2026\u00a0", "follower_count": "40k", "tag_list": "Coffee Table Decor Living Room,Coffee Table Vignettes,Coffee Table Centerpieces,Coffee Table Styling,Diy Coffee Table,Decorating Coffee Tables,Cozy Living Rooms,Livingroom Table Decor,Living Room Candles", "is_image_or_video": "image", "image_src": "https://i.pinimg.com/originals/77/b2/bb/77b2bb477d1164908048dabcd78cabd5.jpg", "downloaded": 1, "save_location": "Local save in /data/home-decor"}