{"category": "finance", "index": 5527, "unique_id": "d4e11334-4078-403c-82d7-2a419d217c9a", "title": "10 Money Habits To Become a Money Saver", "description": "No description available Story format", "follower_count": "57k", "tag_list": "Best Money Saving Tips,Ways To Save Money,Money Tips,Financial Tips,Financial Literacy,Financial Planning,Budgeting Finances,Budgeting Tips,Money Matters", "is_image_or_video": "multi-video(story page format)", "image_src": "Image src error.", "downloaded": 0, "save_location": "Local save in /data/finance"}