{"category": "christmas", "index": 2301, "unique_id": "d502bdc4-103c-47db-832b-4a42a1ae9e0e", "title": "Christmas Candle", "description": "A gorgeous fragranced soy candle in a stoneware pot. Scent notes: \u2022 Top: Apple Cider, Cinnamon \u2022 Middle: Fresh Cut Christmas Tree \u2022 Base: Cookies, Orange Peels, Cloves Burn time\u2026\u00a0", "follower_count": "13", "tag_list": "Christmas Tree Base,Fresh Cut Christmas Trees,Christmas Morning,Christmas Scents,Christmas Candles,Holiday Tree,Rustic Christmas,Fall Candles,Soy Candles", "is_image_or_video": "image", "image_src": "https://i.pinimg.com/originals/fc/a0/6e/fca06e8a43ed4c867a58acbb1b6a5e6e.jpg", "downloaded": 1, "save_location": "Local save in /data/christmas"}