{"category": "vehicles", "index": 10663, "unique_id": "d5208c16-82ae-4fd1-87f0-36e5ef789412", "title": "21+ Classic Car Picture of the 1950s - Vintagetopia", "description": "There are a lot of options of places to stay so you probably only have to book the initial one so you know the best place to land from the airport", "follower_count": "171k", "tag_list": "Old Classic Cars,Classic Trucks,Old Vintage Cars,Antique Cars,Vintage Trucks,Antique Trucks,Cadillac,Convertible,Mustang", "is_image_or_video": "image", "image_src": "https://i.pinimg.com/originals/e9/01/4d/e9014d537dd2b81c606e8466cef3904c.jpg", "downloaded": 1, "save_location": "Local save in /data/vehicles"}