{"category": "christmas", "index": 2011, "unique_id": "d5e2d6ef-e988-4e2f-88a0-ce1a0266f508", "title": "10 Ways to Decorate your Staircase for Christmas | Holiday Decor", "description": "Christmas is right around the corner! For tips, tricks, and holiday inspo, check out our blog on 10 Ways to Decorate Your Staircase for Christmas. \ud83c\udf84", "follower_count": "320", "tag_list": "Christmas Staircase,Gold Christmas Tree,Merry Little Christmas,Simple Christmas,Winter Christmas,Christmas Home,Christmas Tree Decorations,Christmas Wreaths,Natural Christmas", "is_image_or_video": "image", "image_src": "https://i.pinimg.com/originals/34/10/39/341039e19c47535335e63737a0d66928.jpg", "downloaded": 1, "save_location": "Local save in /data/christmas"}