{"category": "art", "index": 719, "unique_id": "d7c53e34-9540-4f48-a31b-89b6ed1852bb", "title": "10 Art Sub Lessons that only need a Pencil", "description": "10 art sub lessons that only need a pencil. Cover lessons for art teachers. Make the perfect art sub lessson folder with this amazing resources.", "follower_count": "25k", "tag_list": "Art Lessons For Kids,Art Lessons Elementary,Art For Kids,Art Sub Plans,Art Lesson Plans,Art Substitute Plans,High School Art,Middle School Art,Primary School Art", "is_image_or_video": "image", "image_src": "https://i.pinimg.com/originals/ee/a8/78/eea878911033897d981a69d9f6b2fb7c.png", "downloaded": 1, "save_location": "Local save in /data/art"}