{"category": "quotes", "index": 8081, "unique_id": "d8d98ce8-d57f-4bc2-990e-04b0ba09a8b4", "title": "Love Quotes For Him To Her. QuotesGram", "description": "Discover and share Love Quotes For Him To Her. Explore our collection of motivational and famous quotes by authors you know and love.", "follower_count": "2k", "tag_list": "Sexy Quotes For Him,Love Quotes For Him Romantic,Cute Love Quotes,Great Quotes,Quotes To Live By,Inspirational Quotes,Missing Quotes For Him,You Are Mine Quotes,Shes The One Quotes", "is_image_or_video": "image", "image_src": "https://i.pinimg.com/originals/d4/fe/29/d4fe29641d8c264a0bb59e261712f1c9.jpg", "downloaded": 1, "save_location": "Local save in /data/quotes"}