{"category": "christmas", "index": 1961, "unique_id": "da1c8608-878e-4c32-80f1-eca017d6cd17", "title": "2019 Holiday Home Walk Through - Jessica Sara Morris", "description": "2019 Holiday Home Walk Through. How we styled our home for Christmas with a little bit of modern, scandanavian, mid century and farmhouse decor.", "follower_count": "36k", "tag_list": "Bohemian Christmas,Modern Christmas Decor,Indoor Christmas Decorations,Natural Christmas,Farmhouse Christmas Decor,Noel Christmas,Christmas Aesthetic,Farmhouse Decor,Decorating For Christmas", "is_image_or_video": "image", "image_src": "https://i.pinimg.com/originals/9d/b6/3e/9db63e81d01bf00d8d5c6d11e966fabb.jpg", "downloaded": 1, "save_location": "Local save in /data/christmas"}