{"category": "christmas", "index": 2418, "unique_id": "da8745a6-5160-46c4-877d-181d50a729fd", "title": "100 DIY Christmas Centerpieces You'll Love To Decorate Your Home With For The Christmas Season - Hike n Dip", "description": "Here are the best DIY Christmas Centerpieces ideas perfect for your Christmas & holiday season home decor. From Christmas Vignettes to Table Centerpieces.", "follower_count": "500k", "tag_list": "Farmhouse Christmas Decor,Rustic Christmas,Christmas Time,Vintage Christmas,Xmas,Primitive Christmas Crafts,Christmas Vignette,Indoor Christmas Decorations,Diy Christmas Ornaments", "is_image_or_video": "image", "image_src": "https://i.pinimg.com/originals/aa/6d/0f/aa6d0f44d7c1c96b998cb9aa6c4446b8.png", "downloaded": 1, "save_location": "Local save in /data/christmas"}