{"category": "mens-fashion", "index": 7383, "unique_id": "db192ee3-ab89-4be2-8098-d381b2ea1c6a", "title": "Oris Aquis GMT Whale Shark Limited Edition Watch 01 798 7754 4175-Set", "description": "Oris Aquis GMT Whale Shark Limited Edition 01 798 7754 4175-Set Movement: Oris cal. 798 automatic (Sellita SW 330-1) Case: Brushed and polished 43.5mm stainless steel case w/ ro\u2026\u00a0", "follower_count": "265", "tag_list": "Stainless Steel Bracelet,Stainless Steel Case,Shark Watches,Oris Aquis,Men's Fashion,Limited Edition Watches,Online Watch Store,Metal Bracelets,Casio Watch", "is_image_or_video": "image", "image_src": "https://i.pinimg.com/originals/5f/ca/f0/5fcaf072a83950d5a5b733fbe376bf1a.jpg", "downloaded": 1, "save_location": "Local save in /data/mens-fashion"}