{"category": "quotes", "index": 7641, "unique_id": "ddd4c9c0-b5fe-4db1-9699-78f26d991073", "title": "Find someone you can be completely free with", "description": "Find someone you can be completely free with", "follower_count": "5M", "tag_list": "Soulmate Love Quotes,True Quotes,Words Quotes,Sayings,Emo Quotes,Twin Flame Relationship,Relationship Quotes,Relationships,Spiritual Quotes", "is_image_or_video": "image", "image_src": "https://i.pinimg.com/originals/a7/79/f2/a779f22cab937c344b99a49822acd04a.jpg", "downloaded": 1, "save_location": "Local save in /data/quotes"}