{"category": "vehicles", "index": 10931, "unique_id": "e017bcda-5b87-49a2-8ba5-b2f68dddb9fe", "title": "This armored vehicle is for people who think the Tesla Cybertruck isn\u2019t intense enough - Yanko Design", "description": "It\u2019s really difficult to imagine what definite post-apocalyptic scenario the ARMORTRUCK concept was designed for because truth be told, it looks like the kind of...", "follower_count": "416k", "tag_list": "Best Armor,Armored Truck,Futuristic Cars,Batmobile,Armored Vehicles,Concept Cars,Apocalypse,Dream Cars,Monster Trucks", "is_image_or_video": "image", "image_src": "https://i.pinimg.com/originals/a1/bf/af/a1bfaf135095acd85c99c3355c9ccc31.jpg", "downloaded": 1, "save_location": "Local save in /data/vehicles"}