{"category": "finance", "index": 5488, "unique_id": "e095613c-b051-4cc9-9673-38bedbe8f5d0", "title": "How to Budget Monthly Finances Wisely - Real Advice Gal", "description": "Want to save money, pay debts and live a good life? Learn How to Budget Monthly finances and thrive on less than $30,000.", "follower_count": "79k", "tag_list": "Ways To Save Money,Money Tips,Money Saving Tips,Saving Ideas,Living On A Budget,Frugal Living,Family Budget,Wordpress,Tax Refund", "is_image_or_video": "image", "image_src": "https://i.pinimg.com/originals/b2/89/d2/b289d2d06ec7a337dae46713ba989eec.jpg", "downloaded": 1, "save_location": "Local save in /data/finance"}