{"category": "mens-fashion", "index": 7510, "unique_id": "e09fddda-1cc2-41c8-b799-d238fe90b937", "title": "See the Most Stylish Men of New York Fashion Week", "description": "10 guys with great style at the spring 2016 shows.", "follower_count": "874k", "tag_list": "Nyc Mens Fashion,Fashion Mode,Mens Fashion Suits,New York Fashion,Fashion Fashion,Fashion Check,Paris Fashion,Latex Fashion,Fashion Outlet", "is_image_or_video": "image", "image_src": "https://i.pinimg.com/originals/45/3c/fb/453cfb4859d0b6730422c75f7b8918ec.jpg", "downloaded": 1, "save_location": "Local save in /data/mens-fashion"}