{"category": "home-decor", "index": 5959, "unique_id": "e281cc85-4c05-486b-95e1-e78124065f9a", "title": "11 Home Decor Trends For 2021", "description": "Easy and affordable home decor trends for 2021", "follower_count": "25k", "tag_list": "Home Decor Trends,Home Decor Styles,Home Decor Inspiration,Decor Ideas,Styles Of Decorating,Decorating A New Home,Decorating Ideas,Interior Decorating Styles,Family Room Decorating", "is_image_or_video": "image", "image_src": "https://i.pinimg.com/originals/e7/a4/8c/e7a48c77cc1bc9742f100a77a618062b.png", "downloaded": 1, "save_location": "Local save in /data/home-decor"}