{"category": "beauty", "index": 1268, "unique_id": "e2f2cec5-cda5-42b2-ab9d-6dddf863e94e", "title": "Janet on Twitter", "description": "Here\u2019s how to get long-lasting makeup, so you can do your face in the morning and be set for the entire day. Follow these makeup tips for foundation, lipstick and more using pro\u2026\u00a0", "follower_count": "3k", "tag_list": "Beauty Makeup,Eye Makeup,Diy Beauty,Beauty Ideas,Beauty Skin,Homemade Beauty,Wolf Makeup,Oily Skin Makeup,Face Beauty", "is_image_or_video": "image", "image_src": "https://i.pinimg.com/originals/d9/d1/3b/d9d13b9ac47d54940f05a75345a873d4.jpg", "downloaded": 1, "save_location": "Local save in /data/beauty"}