{"category": "tattoos", "index": 9155, "unique_id": "e7901b10-6755-4c9d-84b4-4b746325060c", "title": "38 Classic Cartoon Character Tattoos To Bring You Back To Childhood", "description": "Cartoons are part of our childhood. These popular and adorable cartoon character tattoos will walk you down the memory lane.", "follower_count": "190k", "tag_list": "Dope Tattoos,Mini Tattoos,Pretty Tattoos,Beautiful Tattoos,Body Art Tattoos,Small Tattoos,Sleeve Tattoos,Tatoos,Geek Tattoos", "is_image_or_video": "image", "image_src": "https://i.pinimg.com/originals/77/44/5c/77445c0d80ca6de1bb5faf2deaafe382.jpg", "downloaded": 1, "save_location": "Local save in /data/tattoos"}