{"category": "christmas", "index": 1699, "unique_id": "e930ea57-d34a-499f-9811-126d39ed1fee", "title": "Easy to Make Mason Jar Christmas Scenes", "description": "ow to make easy and inexpensive Christmas decor with these cute mason jar Christmas scenes. Who doesn't love mason jar crafts for Christmas?", "follower_count": "142k", "tag_list": "Christmas Decorations Diy Crafts,Christmas Crafts For Gifts,Diy Decoration,Diy Ornaments,Decor Ideas,Gift Ideas,Decorating Ideas,Diy Christmas Room Decor,Diy Christmas Projects", "is_image_or_video": "image", "image_src": "https://i.pinimg.com/originals/0c/31/a1/0c31a189ab7e503c035c8af991d5bd29.jpg", "downloaded": 1, "save_location": "Local save in /data/christmas"}