{"category": "mens-fashion", "index": 7511, "unique_id": "e96686ad-b522-4855-91f5-0c3e64a1cfae", "title": "Mirror Image", "description": "haydenrodgers: \u201c I actually have one of these jackets on my eBay watch list for when I have money. But also I just want ALL OF THESE! \u201d", "follower_count": "542", "tag_list": "Style Casual,Men Casual,My Style,Casual Blazer,Sharp Dressed Man,Well Dressed Men,Mens Attire,Mens Fashion,Fashion Outfits", "is_image_or_video": "image", "image_src": "https://i.pinimg.com/originals/c3/25/3c/c3253c9ce3133f894276901f445fd4c4.png", "downloaded": 1, "save_location": "Local save in /data/mens-fashion"}