{"category": "home-decor", "index": 6398, "unique_id": "ea44d318-2ced-4cf8-a66f-a6a036b84faa", "title": "My master bathroom makeover with @flooranddecor ! Follow me on Instagram @Mojisstyle for more", "description": "No description available Story format", "follower_count": "117k", "tag_list": "Decor Home Living Room,Home And Living,Diy Bedroom Decor,Home Decor,Bathroom Interior Design,Interior Design Living Room,Dream Home Design,House Design,Beautiful Bathrooms", "is_image_or_video": "multi-video(story page format)", "image_src": "https://i.pinimg.com/videos/thumbnails/originals/75/48/3b/75483b74822855519ec8b40df4c670ef.0000001.jpg", "downloaded": 1, "save_location": "Local save in /data/home-decor"}