{"category": "tattoos", "index": 8731, "unique_id": "ea760f71-febf-4023-b592-d17396659039", "title": "20 Koi Fish Tattoos For Lucky Men", "description": "Koi fish tattoos are a popular choice for men who want to make a statement, thanks to their rich symbolism and bold design.", "follower_count": "211k", "tag_list": "Dr Tattoo,W\u00f6rter Tattoos,Pisces Tattoos,Tatoo Art,Dream Tattoos,Dope Tattoos,Mini Tattoos,Finger Tattoos,Body Art Tattoos", "is_image_or_video": "image", "image_src": "https://i.pinimg.com/originals/8a/0c/0a/8a0c0a7b6236565c519acd41ad1a52c0.jpg", "downloaded": 1, "save_location": "Local save in /data/tattoos"}