{"category": "tattoos", "index": 9268, "unique_id": "eaadbbf7-06aa-49cb-bf9b-1205118deb9c", "title": "40 Hot Finger Tattoo Ideas", "description": "Although in the past, finger tattoos were not chosen by most people. However, as the trend of tattoos continues to change, we have found that in recent years more and more peopl\u2026\u00a0", "follower_count": "47k", "tag_list": "Wedding Finger Tattoos,Arrow Tattoo Finger,Flower Finger Tattoos,Hand And Finger Tattoos,Simple Finger Tattoo,Finger Tattoos For Couples,Hand Tattoos For Girls,Finger Tattoo For Women,Small Hand Tattoos", "is_image_or_video": "image", "image_src": "https://i.pinimg.com/originals/06/16/a7/0616a7915ce4bb0125906778ba979fe0.png", "downloaded": 1, "save_location": "Local save in /data/tattoos"}