{"category": "tattoos", "index": 8677, "unique_id": "eb0440f7-7599-4ee5-8f29-90e7d8bc5ad6", "title": "Chrissy Teigen's Tattooist Says Her Sexy New Spine Tat Celebrates Her Love For John Legend", "description": "Chrissy Teigen debuted new ink on Instagram when she shared her Winter Stone spine tattoo that honors husband John Legend.", "follower_count": "5M", "tag_list": "Tattoo Down Spine,Girl Spine Tattoos,Back Tattoo Women Spine,Spine Tattoo Placements,Tattoo On Back,Tattoo Quotes For Women,Cute Tattoos For Women,Quotes For Tattoos,Tiny Tattoos For Girls", "is_image_or_video": "image", "image_src": "https://i.pinimg.com/originals/b6/4f/69/b64f698b143ac9e1123f43fe7b58359c.jpg", "downloaded": 1, "save_location": "Local save in /data/tattoos"}