{"category": "travel", "index": 10160, "unique_id": "ebcf48f6-74a7-4492-a2df-df9bc4ae3526", "title": "Jamaica 4", "description": "Take the sunny vibes of Jamaica wherever you go with this stylish t-shirt. Wear the white, green, yellow, and feel the Caribbean close to your skin no matter where you are, with\u2026\u00a0", "follower_count": "78", "tag_list": "Cut Tee Shirts,Graphic Tee Shirts,Viria,Jamaica Shirt,Sweet Sweet,Sunnies,Going Out,Heather Grey,Destinations", "is_image_or_video": "image", "image_src": "https://i.pinimg.com/originals/e4/a3/8f/e4a38fe75a8059b29a49cbd6bee74526.png", "downloaded": 1, "save_location": "Local save in /data/travel"}