{"category": "art", "index": 527, "unique_id": "ed8af037-ee87-4a80-97ac-99f5b153cf7e", "title": "Blue Gold Marble Canvas , Luxury Wall Art, Abstract Wall Decor, Navy Blue Abstract, Modern Artwork, Oversize Canvas Art, Contemporary Art - 1 Panel 12x9 / Gallery Wrap", "description": "Marble Wall Art Modern Abstract Canvas Artwork Contemporary Home Decor Canvas Wall Art Ready to Hang Canvas Each canvas is professionally printed and hand-stretched in the USA.\u2026\u00a0", "follower_count": "305", "tag_list": "Modern Art Paintings,Modern Artwork,Modern Wall Art,Blue Artwork,Modern Canvas Art,Contemporary Home Decor,Modern Art Prints,Framed Canvas Prints,Wall Art Prints", "is_image_or_video": "image", "image_src": "https://i.pinimg.com/originals/b2/6e/95/b26e950a283805d09ef9a4a279781217.jpg", "downloaded": 1, "save_location": "Local save in /data/art"}