{"category": "vehicles", "index": 10804, "unique_id": "ed8e9280-1942-44c3-940b-0081320a0a94", "title": "STING GRAY Wrangler JL Club", "description": "So, I finally got to drive it. I've driven cars with ACC before, but never owned one. It drives really good, for a Jeep. It's not a Grand Cherokee,...", "follower_count": "3k", "tag_list": "Jeep Wrangler Colors,Jeep Wrangler Forum,Jeep Wrangler Lifted,Jeep Wrangler Accessories,Jeep Wrangler Sahara,Jeep Sport,Jeep Cars,Jeep Truck,Toyota Fj Cruiser", "is_image_or_video": "image", "image_src": "https://i.pinimg.com/originals/72/5f/fe/725ffed8f32a8f8dabb07f7e9c6562d0.jpg", "downloaded": 1, "save_location": "Local save in /data/vehicles"}