{"category": "vehicles", "index": 10673, "unique_id": "ede73169-5b9f-4906-b02e-9db1bee203a4", "title": "Discover the new Range Rover luxury performance SUV", "description": "Shadow Velar", "follower_count": "9k", "tag_list": "Range Rover Negro,Range Rover Preto,Range Rover Schwarz,Range Rover Black,Range Rover Evoque,Range Rover Car,Pink Range Rovers,The New Range Rover,Luxury Sports Cars", "is_image_or_video": "image", "image_src": "https://i.pinimg.com/originals/5d/c8/87/5dc887a26bd47598867f3576cfe1ace7.jpg", "downloaded": 1, "save_location": "Local save in /data/vehicles"}