{"category": "christmas", "index": 1857, "unique_id": "ee77726b-bf3e-44d4-a8b7-09826150fbe5", "title": "Hilarious Minute To Win It Christmas Games", "description": "Hilarious Christmas Minute to win it games. These fun Christmas party games are perfect for all ages. Fun and simple christmas minute to win it games are a blast to play. #Chris\u2026\u00a0", "follower_count": "40k", "tag_list": "Minute To Win It Games Christmas,Fun Family Christmas Games,Christmas Party Activities,Christmas Party Ideas For Teens,Xmas Games,Adult Christmas Party,Christmas Party Themes,Fun Party Games,Holiday Games", "is_image_or_video": "image", "image_src": "https://i.pinimg.com/originals/28/9c/67/289c67081357cb5e4970bdb618e3ea37.jpg", "downloaded": 1, "save_location": "Local save in /data/christmas"}