{"category": "beauty", "index": 1254, "unique_id": "ee80142c-1602-48d8-aba2-6c5ee129034c", "title": "Beauty Care", "description": "Six tricks for clear skin! I've done the baking soda one and I started seeing results in TWO DAYS! It also makes your face REALLY smooth!", "follower_count": "23k", "tag_list": "Beauty Care,Beauty Skin,Beauty Makeup,Hair Beauty,Beauty Secrets,Beauty Hacks,Beauty Guide,Diy Beaut\u00e9,Diy Spa", "is_image_or_video": "image", "image_src": "https://i.pinimg.com/originals/f2/dd/39/f2dd3937b46b0f9069f204084c8e30f1.jpg", "downloaded": 1, "save_location": "Local save in /data/beauty"}