{"category": "travel", "index": 9546, "unique_id": "efd5b2d6-2f69-40cd-bb59-41f18c089e52", "title": "20 Amazing Trips to Take in Your Twenties!", "description": "The best trips to take when you are young!", "follower_count": "89k", "tag_list": "Fun Places To Go,Beautiful Places To Travel,Best Places To Travel,Travel Jobs,Holiday Places,Future Travel,Travel Around The World,Adventure Travel,Travel Photos", "is_image_or_video": "video", "image_src": "https://i.pinimg.com/videos/thumbnails/originals/81/97/c1/8197c1beef8bcb19bea5d8b422211f34.0000001.jpg", "downloaded": 1, "save_location": "Local save in /data/travel"}