{"category": "event-planning", "index": 4781, "unique_id": "f00bddd0-4f40-4749-9418-14b79ca15963", "title": "Engagement decoration", "description": "No description available Story format", "follower_count": "458", "tag_list": "Wedding Stage Decorations,Engagement Party Decorations,Engagement Party Invitations,Table Decorations,Celebrity Engagement Rings,Rose Gold Engagement Ring,Vintage Engagement Rings,Engagement Photos,Naming Ceremony", "is_image_or_video": "multi-video(story page format)", "image_src": "https://i.pinimg.com/videos/thumbnails/originals/51/9b/1c/519b1c8ddcb6c95821fc403d0258851c.0000001.jpg", "downloaded": 1, "save_location": "Local save in /data/event-planning"}