{"category": "art", "index": 74, "unique_id": "f0a3a02d-5cc3-4cb6-8668-7f94a5f5d323", "title": "3rd Grade Fall Forrests", "description": "3rd Grade Fall Forests Third grade has been working on these cute little creations for the past couple of art classes now, and have been doing a great job! Materials: Tru-Ray co\u2026\u00a0", "follower_count": "13k", "tag_list": "Fall Art Projects,School Art Projects,Halloween Art Projects,Art Education Lessons,Art Lessons Elementary,Fall Crafts For Kids,Art For Kids,Kid Art,Art 2nd Grade", "is_image_or_video": "image", "image_src": "https://i.pinimg.com/originals/9c/e6/61/9ce661ab5c3bad61e30266496481a591.jpg", "downloaded": 1, "save_location": "Local save in /data/art"}