{"category": "education", "index": 4045, "unique_id": "f0c605d7-75bc-4b60-a9ec-e2d64eb29687", "title": "K&S\u2122 Round Brass Tube: 3mm OD x 0.225mm Wall x 300mm Long (3 Pieces)", "description": "Our mission at K&S is to supply you with high-quality metals for your projects. Through precision machinery and great talent, we can supply 100s of stocked products along with c\u2026\u00a0", "follower_count": "5", "tag_list": "Hobbies And Crafts,Arts And Crafts,Home Crafts,Diy Crafts,Stop Motion,Craft Stores,Metals,Planes,Trains", "is_image_or_video": "image", "image_src": "https://i.pinimg.com/originals/12/d4/17/12d4177dc859be6e33f627d5d0006955.png", "downloaded": 1, "save_location": "Local save in /data/education"}