{"category": "diy-and-crafts", "index": 2893, "unique_id": "f17602e4-4a50-452d-b8ee-de70774b6cdc", "title": "How to make handmade  paper", "description": "No description available Story format", "follower_count": "630", "tag_list": "Craft Room Decor,Diy Crafts For Home Decor,Diy Crafts Hacks,Diy Crafts For Gifts,Diy Arts And Crafts,Creative Crafts,Creative Project Ideas,Handmade Crafts,Diys", "is_image_or_video": "multi-video(story page format)", "image_src": "https://i.pinimg.com/videos/thumbnails/originals/48/7c/d1/487cd1ac4f607b4ef6c7eb7329d13786.0000001.jpg", "downloaded": 1, "save_location": "Local save in /data/diy-and-crafts"}