{"category": "art", "index": 25, "unique_id": "f19b91c7-2a58-41ae-a013-3806d248baec", "title": "How to use an Angled Paint Brush! Painting Techniques with The Social Easel Online Paint Studio", "description": "If I could only choose one paint brush it would be the angled brush! I am going to break down four separate Techniques I like to use an Angled Paint Brush with a video painting\u2026\u00a0", "follower_count": "20k", "tag_list": "Fall Canvas Painting,Basic Painting,Acrylic Painting Flowers,Canvas Painting Tutorials,Autumn Painting,Painting Techniques,Diy Painting,Painting & Drawing,Canvas Art", "is_image_or_video": "image", "image_src": "https://i.pinimg.com/originals/cc/8e/81/cc8e8190f773d5e3bb7d86890b566da7.png", "downloaded": 1, "save_location": "Local save in /data/art"}