{"category": "travel", "index": 10248, "unique_id": "f25d2dcc-83e0-439c-a223-55f9ac3114f8", "title": "Best things to do in Cannes, France", "description": "Cannes, a kind of Cinderella of the French Riviera, a destination I\u2019ve had for a long time on my bucket list. #cannes #france #frenchriviera #cannestravelguide | best things to\u2026\u00a0", "follower_count": "10k", "tag_list": "Cool Places To Visit,Places To Travel,Travel Destinations,France Destinations,Nice France,South Of France,Paris Travel,France Travel,Europe Travel Guide", "is_image_or_video": "image", "image_src": "https://i.pinimg.com/originals/8a/d9/70/8ad970ffcb03bdd0d89e1962623b9612.jpg", "downloaded": 1, "save_location": "Local save in /data/travel"}