{"category": "quotes", "index": 8090, "unique_id": "f311a5d4-65c5-40d6-94b2-bf32bc1000b6", "title": "50 Positive Quotes To Make You Feel Happy", "description": "These 50 best happy quotes are positive, uplifting, motivating and just plain funny. Share them with your friends and family to make someone's day a little bit brighter.", "follower_count": "942k", "tag_list": "Good Happy Quotes,Life Quotes Love,Quotes To Live By,Good Energy Quotes,Happy Quotes About Life,Quotes About Good Vibes,Quotes About Energy,Quotes About The Sun,Bring It On Quotes", "is_image_or_video": "image", "image_src": "https://i.pinimg.com/originals/25/18/0e/25180e29e7f7aeb886b2e0a0fbd31a08.jpg", "downloaded": 1, "save_location": "Local save in /data/quotes"}