{"category": "art", "index": 205, "unique_id": "f4afd543-b9fe-44c3-8064-f2198faa1372", "title": "DIY Abstract Heart Painting and a Fun Paint Party", "description": "Use our easy step by step tutorial to create a DIY abstract heart painting on any canvas size. Lots of inspiration to help you choose colors.", "follower_count": "410k", "tag_list": "Painting & Drawing,Watercolor Paintings,Original Paintings,Owl Watercolor,Acrylic Paintings,Owl Art,Bird Art,Beginner Painting,Animal Paintings", "is_image_or_video": "image", "image_src": "https://i.pinimg.com/originals/33/85/f8/3385f82ee5e8ecdcccdf798bdcbee3d2.jpg", "downloaded": 1, "save_location": "Local save in /data/art"}