{"category": "art", "index": 480, "unique_id": "f5dfee8f-1b62-417d-966c-8cf205418c68", "title": "Abstract Portrait", "description": "No description available", "follower_count": "6k", "tag_list": "Abstract Portrait,Portrait Art,Arte Black,African Art Paintings,Black Art Painting,Afro Art,Arte Pop,African American Art,Love Art", "is_image_or_video": "image", "image_src": "https://i.pinimg.com/originals/05/ed/11/05ed1128fe3a8784ad68900d310654d6.jpg", "downloaded": 1, "save_location": "Local save in /data/art"}