{"category": "home-decor", "index": 6660, "unique_id": "f638a116-845e-47b1-8d8d-b2877813fd7d", "title": "AUTUMN SUN IN THE LIVING ROOM \u2600\ufe0f\ud83c\udf42 Inspo: linn_viken\ud83c\udf42", "description": "No description available Story format", "follower_count": "34k", "tag_list": "Decor Home Living Room,Home Bedroom,Home And Living,Living Room Designs,Grey Walls Living Room,Apartment Design,Apartment Living,Apartment Color Schemes,Apartment Ideas", "is_image_or_video": "multi-video(story page format)", "image_src": "https://i.pinimg.com/videos/thumbnails/originals/0a/8b/97/0a8b973d0ebaf500f8b97e42706f77b3.0000001.jpg", "downloaded": 1, "save_location": "Local save in /data/home-decor"}