{"category": "tattoos", "index": 9335, "unique_id": "f6f63ace-ff3c-4d6d-9c24-00d1da58ad5b", "title": "60 Best Gemini Tattoos Ideas - Hike n Dip", "description": "Choose your favourite zodiac tattoo from this list of unique gemini tattoos. From gemini zodiac symbol tattoos to twin faced tattoos & more are here.", "follower_count": "501k", "tag_list": "Diy Tattoo,Tatoo Henna,Henna Diy,Tattoo Maori,Lotus Tattoo,Tattoo Shop,Line Tattoos,Body Art Tattoos,Sleeve Tattoos", "is_image_or_video": "image", "image_src": "https://i.pinimg.com/originals/d4/1d/c1/d41dc13f01701c71f24792be46d96c88.png", "downloaded": 1, "save_location": "Local save in /data/tattoos"}