{"category": "art", "index": 778, "unique_id": "f82fe1cc-22ce-4c4d-82cc-2e8c9325701d", "title": "Your complete guide to watercolors for beginners!", "description": "Looking for a complete post on how to watercolor? This guide shows you step-by-step how to learn how to watercolor on your own!", "follower_count": "85k", "tag_list": "Watercolor Beginner,Watercolor Paintings For Beginners,Step By Step Watercolor,Watercolor Tips,Watercolour Tutorials,Watercolor Techniques,Art Techniques,Simple Watercolor,Tattoo Watercolor", "is_image_or_video": "image", "image_src": "https://i.pinimg.com/originals/d9/bf/31/d9bf3191828e8a4d145db739d5fac53e.jpg", "downloaded": 1, "save_location": "Local save in /data/art"}