{"category": "finance", "index": 5151, "unique_id": "fa086007-ea95-4ecf-8653-ce749ed3fc8f", "title": "How to Start Paying Off Debt...even with no extra money", "description": "Find out how to start paying off debt with this one simple tip - you can become debt free months or even years faster, even when you have no extra money.", "follower_count": "30k", "tag_list": "Refinance Mortgage,Mortgage Tips,Mortgage Payment,Paying Off Mortgage Faster,Pay Off Mortgage Early,Ways To Save Money,Money Tips,Money Saving Tips,Financial Tips", "is_image_or_video": "image", "image_src": "https://i.pinimg.com/originals/c0/9c/e2/c09ce20892daace8514215013114289e.jpg", "downloaded": 1, "save_location": "Local save in /data/finance"}