{"category": "event-planning", "index": 5076, "unique_id": "fa3af29c-dc78-4eed-a4c5-52a407ea04c0", "title": "Quiz: Test Your Event IQ! - Pointers For Planners", "description": "So you're thinking of getting your event planner certification, but how much do you REALLY know about event planning? Event planners need to be knowledgeable and able to answer\u2026\u00a0", "follower_count": "5k", "tag_list": "Diy Wedding Food,Best Wedding Makeup,Wedding Events,Wedding Tips,Wedding Stuff,Weddings,Event Planning Business,Business Events,Wedding Makeup Tutorial", "is_image_or_video": "image", "image_src": "https://i.pinimg.com/originals/6f/19/bc/6f19bce24921bf843540fc04da9eb6bf.jpg", "downloaded": 1, "save_location": "Local save in /data/event-planning"}