{"category": "diy-and-crafts", "index": 3156, "unique_id": "fa6e31a4-18c2-4eca-a6d8-e903eee2c2a4", "title": "Handprint Reindeer Ornaments - Crafty Morning", "description": "This post may contain affiliate links, read our Disclosure Policy for more information. As an Amazon Associate I earn from qualifying purchases, thank you! Make some cute handpr\u2026\u00a0", "follower_count": "892k", "tag_list": "Christmas Gifts For Parents,Christmas Decorations For Kids,Christmas Crafts For Toddlers,Preschool Christmas,Christmas Crafts For Gifts,Christmas Activities,Toddler Crafts,Kids Christmas,Christmas Feeling", "is_image_or_video": "image", "image_src": "https://i.pinimg.com/originals/ff/fe/38/fffe384f3ec18a0d87cb2d80cc8c1499.jpg", "downloaded": 1, "save_location": "Local save in /data/diy-and-crafts"}