{"category": "travel", "index": 10050, "unique_id": "fbb93aa6-11a3-43b2-ae2a-cddbb2f5c909", "title": "The 15 Prettiest Towns in Switzerland | Avenly Lane by Claire", "description": "If you are planning a road trip through Switzerland you do not want to miss these small towns! Here are the 15 prettiest towns in Switzerland.", "follower_count": "14k", "tag_list": "Voyage Dubai,Places In Switzerland,Lucerne Switzerland,Travel To Switzerland,Switzerland Summer,Switzerland Destinations,Voyage Europe,Beaux Villages,Belle Villa", "is_image_or_video": "image", "image_src": "https://i.pinimg.com/originals/ca/bd/53/cabd5372d5feb3b065c5c6708d17587b.jpg", "downloaded": 1, "save_location": "Local save in /data/travel"}