{"category": "event-planning", "index": 4988, "unique_id": "fbdfd355-a356-46c2-a251-301869ae2674", "title": "Fun Book Page Crafts - MomAdvice", "description": "Fun Book Page Crafts - MomAdvice", "follower_count": "112k", "tag_list": "Harry Potter Wedding,Harry Potter Theme,Wedding Book,Wedding Table,Wedding Ideas,Wedding Vintage,Garden Wedding,Vintage Party,Wedding Paper", "is_image_or_video": "image", "image_src": "https://i.pinimg.com/originals/17/55/87/175587b334e71c12300453b8b4b4c6aa.jpg", "downloaded": 1, "save_location": "Local save in /data/event-planning"}