{"category": "education", "index": 3599, "unique_id": "ff0dd945-dafa-411c-8cef-eb43e374e815", "title": "Educational Leadership in Aotearoa New Zealand : Issues of Context and Social Justice", "description": "This book presents 10 inspirational case studies of how centre leaders, principals and leadership teams in high-needs New Zealand educational settings have enacted leadership to\u2026\u00a0", "follower_count": "2M", "tag_list": "Research Studies,Educational Leadership,Education System,Secondary School,Try It Free,Book Format,Social Justice,Young People,Paperback Books", "is_image_or_video": "image", "image_src": "https://i.pinimg.com/originals/0e/ea/c4/0eeac457780bbe43fcc5e9eaabd80f62.jpg", "downloaded": 1, "save_location": "Local save in /data/education"}